{
  "geolife": {
    "no_gate": {
      "correct@1": 1719.0,
      "correct@3": 2608.0,
      "correct@5": 2823.0,
      "correct@10": 2951.0,
      "rr": 2203.343505859375,
      "ndcg": 68.04350018501282,
      "f1": 0.4469279399906109,
      "total": 3502.0,
      "acc@1": 49.08623695373535,
      "acc@5": 80.61107993125916,
      "acc@10": 84.26613211631775,
      "mrr": 62.916719913482666,
      "loss": 2.8593101927212308
    },
    "no_temporal": {
      "correct@1": 1658.0,
      "correct@3": 2634.0,
      "correct@5": 2849.0,
      "correct@10": 2977.0,
      "rr": 2172.3662109375,
      "ndcg": 67.5339937210083,
      "f1": 0.42217821345758394,
      "total": 3502.0,
      "acc@1": 47.344374656677246,
      "acc@5": 81.35350942611694,
      "acc@10": 85.00856757164001,
      "mrr": 62.03215718269348,
      "loss": 2.843141291822706
    },
    "no_weekday_emb": {
      "correct@1": 1738.0,
      "correct@3": 2702.0,
      "correct@5": 2852.0,
      "correct@10": 2973.0,
      "rr": 2238.73779296875,
      "ndcg": 69.00690793991089,
      "f1": 0.4502849668602034,
      "total": 3502.0,
      "acc@1": 49.62878227233887,
      "acc@5": 81.43917918205261,
      "acc@10": 84.89434719085693,
      "mrr": 63.92740607261658,
      "loss": 2.7566574811935425
    },
    "no_duration_emb": {
      "correct@1": 1811.0,
      "correct@3": 2690.0,
      "correct@5": 2845.0,
      "correct@10": 2981.0,
      "rr": 2274.97607421875,
      "ndcg": 69.80185508728027,
      "f1": 0.4668082617984525,
      "total": 3502.0,
      "acc@1": 51.713305711746216,
      "acc@5": 81.23928904533386,
      "acc@10": 85.1227879524231,
      "mrr": 64.96219635009766,
      "loss": 2.6988023051193784
    },
    "no_sinusoidal_pos": {
      "correct@1": 1875.0,
      "correct@3": 2677.0,
      "correct@5": 2843.0,
      "correct@10": 2957.0,
      "rr": 2301.825439453125,
      "ndcg": 70.18249034881592,
      "f1": 0.4912069256616237,
      "total": 3502.0,
      "acc@1": 53.54083180427551,
      "acc@5": 81.18218183517456,
      "acc@10": 84.43746566772461,
      "mrr": 65.72887897491455,
      "loss": 2.6922918217522755
    },
    "full_model": {
      "correct@1": 1890.0,
      "correct@3": 2672.0,
      "correct@5": 2840.0,
      "correct@10": 2955.0,
      "rr": 2305.166259765625,
      "ndcg": 70.22745013237,
      "f1": 0.49777444831363543,
      "total": 3502.0,
      "acc@1": 53.969162702560425,
      "acc@5": 81.09651803970337,
      "acc@10": 84.38035249710083,
      "mrr": 65.82428216934204,
      "loss": 2.7007319033145905
    },
    "no_user_emb": {
      "correct@1": 1752.0,
      "correct@3": 2722.0,
      "correct@5": 2853.0,
      "correct@10": 2955.0,
      "rr": 2245.711669921875,
      "ndcg": 69.05374526977539,
      "f1": 0.4552715018229027,
      "total": 3502.0,
      "acc@1": 50.02855658531189,
      "acc@5": 81.46772980690002,
      "acc@10": 84.38035249710083,
      "mrr": 64.12654519081116,
      "loss": 2.738489078623908
    },
    "no_pointer": {
      "correct@1": 1156.0,
      "correct@3": 1833.0,
      "correct@5": 1976.0,
      "correct@10": 2089.0,
      "rr": 1527.1854248046875,
      "ndcg": 47.235265374183655,
      "f1": 0.24687862547464004,
      "total": 3502.0,
      "acc@1": 33.00970792770386,
      "acc@5": 56.42489790916443,
      "acc@10": 59.65162515640259,
      "mrr": 43.60894858837128,
      "loss": 4.762948717389788
    },
    "single_layer": {
      "correct@1": 1788.0,
      "correct@3": 2743.0,
      "correct@5": 2866.0,
      "correct@10": 2966.0,
      "rr": 2273.798583984375,
      "ndcg": 69.7383165359497,
      "f1": 0.46068349732142044,
      "total": 3502.0,
      "acc@1": 51.05654001235962,
      "acc@5": 81.83894753456116,
      "acc@10": 84.69446301460266,
      "mrr": 64.92857336997986,
      "loss": 2.7298827171325684
    },
    "no_recency_emb": {
      "correct@1": 1664.0,
      "correct@3": 2639.0,
      "correct@5": 2790.0,
      "correct@10": 2962.0,
      "rr": 2180.953857421875,
      "ndcg": 67.59926080703735,
      "f1": 0.43256171541582134,
      "total": 3502.0,
      "acc@1": 47.51570522785187,
      "acc@5": 79.66876029968262,
      "acc@10": 84.58024263381958,
      "mrr": 62.277382612228394,
      "loss": 2.7867266280310496
    },
    "no_pos_from_end": {
      "correct@1": 1792.0,
      "correct@3": 2691.0,
      "correct@5": 2862.0,
      "correct@10": 2960.0,
      "rr": 2265.4541015625,
      "ndcg": 69.47639584541321,
      "f1": 0.4621682607489743,
      "total": 3502.0,
      "acc@1": 51.1707603931427,
      "acc@5": 81.72472715377808,
      "acc@10": 84.5231294631958,
      "mrr": 64.69029188156128,
      "loss": 2.7373137261186327
    },
    "no_generation": {
      "correct@1": 1740.0,
      "correct@3": 2738.0,
      "correct@5": 2902.0,
      "correct@10": 2995.0,
      "rr": 2236.054931640625,
      "ndcg": 68.81999969482422,
      "f1": 0.44380874619612454,
      "total": 3502.0,
      "acc@1": 49.68589246273041,
      "acc@5": 82.86693096160889,
      "acc@10": 85.52255630493164,
      "mrr": 63.85079622268677,
      "loss": 5.224021051611219
    },
    "no_time_emb": {
      "correct@1": 1819.0,
      "correct@3": 2669.0,
      "correct@5": 2850.0,
      "correct@10": 2976.0,
      "rr": 2274.564208984375,
      "ndcg": 69.73599195480347,
      "f1": 0.4720080645570812,
      "total": 3502.0,
      "acc@1": 51.94174647331238,
      "acc@5": 81.38206601142883,
      "acc@10": 84.98001098632812,
      "mrr": 64.95043635368347,
      "loss": 2.677866599389485
    }
  },
  "diy": {
    "no_weekday_emb": {
      "correct@1": 6971.0,
      "correct@3": 9504.0,
      "correct@5": 10173.0,
      "correct@10": 10639.0,
      "rr": 8359.0126953125,
      "ndcg": 71.97139859199524,
      "f1": 0.5129408421716882,
      "total": 12368.0,
      "acc@1": 56.363195180892944,
      "acc@5": 82.25258588790894,
      "acc@10": 86.0203742980957,
      "mrr": 67.58580803871155,
      "loss": 2.6685054732352187
    },
    "no_pointer": {
      "correct@1": 6338.0,
      "correct@3": 8786.0,
      "correct@5": 9343.0,
      "correct@10": 9828.0,
      "rr": 7659.2705078125,
      "ndcg": 66.06718301773071,
      "f1": 0.4493462300785617,
      "total": 12368.0,
      "acc@1": 51.24514698982239,
      "acc@5": 75.54172277450562,
      "acc@10": 79.463130235672,
      "mrr": 61.928123235702515,
      "loss": 3.3355582485493924
    },
    "full_model": {
      "correct@1": 7036.0,
      "correct@3": 9561.0,
      "correct@5": 10171.0,
      "correct@10": 10654.0,
      "rr": 8409.7265625,
      "ndcg": 72.31494188308716,
      "f1": 0.5195517071128908,
      "total": 12368.0,
      "acc@1": 56.888747215270996,
      "acc@5": 82.23641514778137,
      "acc@10": 86.14165782928467,
      "mrr": 67.99584627151489,
      "loss": 2.6464037366749085
    },
    "no_pos_from_end": {
      "correct@1": 6958.0,
      "correct@3": 9500.0,
      "correct@5": 10138.0,
      "correct@10": 10639.0,
      "rr": 8347.3310546875,
      "ndcg": 71.89368009567261,
      "f1": 0.5174682703194217,
      "total": 12368.0,
      "acc@1": 56.25808835029602,
      "acc@5": 81.96960091590881,
      "acc@10": 86.0203742980957,
      "mrr": 67.49135851860046,
      "loss": 2.670662990550405
    },
    "single_layer": {
      "correct@1": 6939.0,
      "correct@3": 9486.0,
      "correct@5": 10168.0,
      "correct@10": 10624.0,
      "rr": 8337.4375,
      "ndcg": 71.82238101959229,
      "f1": 0.5091062157081414,
      "total": 12368.0,
      "acc@1": 56.10446333885193,
      "acc@5": 82.21216201782227,
      "acc@10": 85.89909672737122,
      "mrr": 67.41136312484741,
      "loss": 2.685581896722931
    },
    "no_gate": {
      "correct@1": 6845.0,
      "correct@3": 9417.0,
      "correct@5": 10095.0,
      "correct@10": 10625.0,
      "rr": 8257.083984375,
      "ndcg": 71.30900621414185,
      "f1": 0.5056628500035842,
      "total": 12368.0,
      "acc@1": 55.344438552856445,
      "acc@5": 81.62192702293396,