{
  "ablation_type": "full",
  "dataset": "diy",
  "seed": 42,
  "parameters": 1081554,
  "validation": {
    "correct@1": 5578.0,
    "correct@3": 7611.0,
    "correct@5": 8088.0,
    "correct@10": 8420.0,
    "rr": 6668.98486328125,
    "ndcg": 69.74791884422302,
    "f1": 0.4947639119842996,
    "total": 10160.0,
    "acc@1": 54.90157604217529,
    "acc@5": 79.60630059242249,
    "acc@10": 82.87401795387268,
    "mrr": 65.63961505889893,
    "loss": 3.0858696309275597
  },
  "test": {
    "correct@1": 6997.0,
    "correct@3": 9554.0,
    "correct@5": 10161.0,
    "correct@10": 10533.0,
    "rr": 8368.62890625,
    "ndcg": 71.87869548797607,
    "f1": 0.519089120621826,
    "total": 12368.0,
    "acc@1": 56.57341480255127,
    "acc@5": 82.15556144714355,
    "acc@10": 85.16332507133484,
    "mrr": 67.66355633735657,
    "loss": 2.873626528326998
  }
}