{
  "ablation_type": "no_position_bias",
  "dataset": "geolife",
  "seed": 42,
  "parameters": 214967,
  "validation": {
    "correct@1": 1640.0,
    "correct@3": 2512.0,
    "correct@5": 2805.0,
    "correct@10": 3059.0,
    "rr": 2157.745361328125,
    "ndcg": 55.92913627624512,
    "f1": 0.32466564794184893,
    "total": 4217.0,
    "acc@1": 38.890206813812256,
    "acc@5": 66.51648283004761,
    "acc@10": 72.53972291946411,
    "mrr": 51.16778016090393,
    "loss": 3.3234904794132007
  },
  "test": {
    "correct@1": 1888.0,
    "correct@3": 2794.0,
    "correct@5": 3092.0,
    "correct@10": 3313.0,
    "rr": 2413.926513671875,
    "ndcg": 59.11616086959839,
    "f1": 0.3686974935494885,
    "total": 4425.0,
    "acc@1": 42.66666769981384,
    "acc@5": 69.87570524215698,
    "acc@10": 74.87005591392517,
    "mrr": 54.55201268196106,
    "loss": 3.1138309637705484
  }
}