{
  "dataset": "geolife",
  "test_size": 3502,
  "position_distribution": {
    "total_in_history": 2935,
    "position_probs": {
      "1": 0.9880749574105622,
      "2": 2.2146507666098807,
      "3": 2.282793867120954,
      "4": 3.9182282793867125,
      "5": 3.611584327086882,
      "6": 4.190800681431005,
      "7": 4.293015332197616,
      "8": 5.281090289608177,
      "9": 4.940374787052811,
      "10": 5.417376490630324,
      "11": 5.281090289608177,
      "12": 5.7580919931856895,
      "13": 3.475298126064736,
      "14": 4.429301533219761,
      "15": 3.1005110732538332,
      "16": 2.146507666098808,
      "17": 2.2146507666098807,
      "18": 1.805792163543441,
      "19": 1.0221465076660987,
      "20": 1.5332197614991483
    }
  },
  "recency_bias": {
    "position_1_pct": 0.9880749574105622,
    "position_1_5_pct": 13.015332197614992,
    "position_1_10_pct": 37.13798977853492
  },
  "position_entropy": {
    "entropy": 5.158268018870126,
    "max_entropy": 5.459431618637297,
    "normalized_entropy": 0.9448360890281939
  },
  "user_position_consistency": {
    "mean_of_user_means": 12.126274018238922,
    "std_of_user_means": 8.113747321658686,
    "mean_of_user_stds": 4.34722754678243
  },
  "position_bias_potential": {
    "always_pos_1_accuracy": 0.9880749574105622,
    "mode_position": 12,
    "mode_position_accuracy": 5.7580919931856895
  }
}