{
  "dataset": "geolife",
  "test_size": 3502,
  "scenarios": {
    "pointer_only": {
      "count": 866,
      "pct": 24.728726442033125
    },
    "pointer_preferred": {
      "count": 512,
      "pct": 14.620217018846374
    },
    "balanced": {
      "count": 1557,
      "pct": 44.460308395202745
    },
    "generation_preferred": {
      "count": 88,
      "pct": 2.5128498001142203
    },
    "generation_only": {
      "count": 479,
      "pct": 13.677898343803541
    }
  },
  "pointer_favorable": {
    "count": 1378,
    "pct": 39.3489434608795
  },
  "generation_favorable": {
    "count": 88,
    "pct": 2.5128498001142203
  },
  "difficult": {
    "count": 479,
    "pct": 13.677898343803541
  },
  "gate_flexibility": {
    "pointer_dominant_pct": 83.80925185608223,
    "generation_dominant_pct": 16.19074814391776,
    "balance_ratio": 0.19318568994889268
  },
  "user_consistency": {
    "mean_pointer_rate": 75.10190722253665,
    "std_pointer_rate": 19.11280766489039,
    "min_pointer_rate": 0.0,
    "max_pointer_rate": 100.0
  }
}