{
  "geolife": {
    "dataset": "geolife",
    "test_size": 3502,
    "position_distribution": {
      "total_in_history": 2935,
      "position_probs": {
        "1": 0.9880749574105622,
        "2": 2.2146507666098807,
        "3": 2.282793867120954,
        "4": 3.9182282793867125,
        "5": 3.611584327086882,
        "6": 4.190800681431005,
        "7": 4.293015332197616,
        "8": 5.281090289608177,
        "9": 4.940374787052811,
        "10": 5.417376490630324,
        "11": 5.281090289608177,
        "12": 5.7580919931856895,
        "13": 3.475298126064736,
        "14": 4.429301533219761,
        "15": 3.1005110732538332,
        "16": 2.146507666098808,
        "17": 2.2146507666098807,
        "18": 1.805792163543441,
        "19": 1.0221465076660987,
        "20": 1.5332197614991483
      }
    },
    "recency_bias": {
      "position_1_pct": 0.9880749574105622,
      "position_1_5_pct": 13.015332197614992,
      "position_1_10_pct": 37.13798977853492
    },
    "position_entropy": {
      "entropy": 5.158268018870126,
      "max_entropy": 5.459431618637297,
      "normalized_entropy": 0.9448360890281939
    },
    "user_position_consistency": {
      "mean_of_user_means": 12.126274018238922,
      "std_of_user_means": 8.113747321658686,
      "mean_of_user_stds": 4.34722754678243
    },
    "position_bias_potential": {
      "always_pos_1_accuracy": 0.9880749574105622,
      "mode_position": 12,
      "mode_position_accuracy": 5.7580919931856895
    }
  },
  "diy": {
    "dataset": "diy",
    "test_size": 12368,
    "position_distribution": {
      "total_in_history": 10404,
      "position_probs": {
        "1": 0.7016532103037294,
        "2": 2.460592079969243,
        "3": 1.9223375624759707,
        "4": 2.460592079969243,
        "5": 2.2587466359092656,
        "6": 3.104575163398693,
        "7": 2.6528258362168398,
        "8": 3.489042675893887,
        "9": 3.29680891964629,
        "10": 3.4217608612072277,
        "11": 3.335255670895809,
        "12": 3.1910803537101113,
        "13": 3.085351787773933,
        "14": 3.3833141099577086,
        "15": 3.1526336024605923,
        "16": 3.3160322952710493,
        "17": 3.085351787773933,
        "18": 2.9219530949634756,
        "19": 2.7393310265282587,
        "20": 2.7873894655901577
      }
    },
    "recency_bias": {
      "position_1_pct": 0.7016532103037294,
      "position_1_5_pct": 9.803921568627452,
      "position_1_10_pct": 25.768935024990387
    },
    "position_entropy": {
      "entropy": 5.700288224056905,
      "max_entropy": 6.614709844115208,
      "normalized_entropy": 0.8617593754513933
    },
    "user_position_consistency": {
      "mean_of_user_means": 14.039065146609081,
      "std_of_user_means": 10.269371449283803,
      "mean_of_user_stds": 3.8961011642487704
    },
    "position_bias_potential": {
      "always_pos_1_accuracy": 0.7016532103037294,
      "mode_position": 8,
      "mode_position_accuracy": 3.489042675893887
    }
  }
}