{
  "ablation_type": "no_user",
  "dataset": "diy",
  "seed": 42,
  "parameters": 1033106,
  "validation": {
    "correct@1": 5490.0,
    "correct@3": 7592.0,
    "correct@5": 8057.0,
    "correct@10": 8357.0,
    "rr": 6604.384765625,
    "ndcg": 69.15185451507568,
    "f1": 0.48153029477524095,
    "total": 10160.0,
    "acc@1": 54.035431146621704,
    "acc@5": 79.30117845535278,
    "acc@10": 82.25393891334534,
    "mrr": 65.00378847122192,
    "loss": 3.1228786759406515
  },
  "test": {
    "correct@1": 6959.0,
    "correct@3": 9534.0,
    "correct@5": 10139.0,
    "correct@10": 10499.0,
    "rr": 8325.4287109375,
    "ndcg": 71.56950235366821,
    "f1": 0.5093426677026023,
    "total": 12368.0,
    "acc@1": 56.26617074012756,
    "acc@5": 81.97768330574036,
    "acc@10": 84.88842248916626,
    "mrr": 67.3142671585083,
    "loss": 2.913243177625322
  }
}