dataset,prev_days,config_name,d_model,nhead,num_layers,dim_feedforward,learning_rate,num_params,experiment_dir,correct@1,correct@3,correct@5,correct@10,total,rr,ndcg,f1,acc@1,acc@5,acc@10,mrr,loss
geolife,3,baseline_d64_L2,64,4,2,128,0.00065,251068,experiments/geolife_pointer_v45_20251229_020050,1606.0,2269.0,2453.0,2623.0,3320.0,1988.421875,64.28468823432922,0.42188376184150655,48.37349355220795,73.88554215431213,79.00602221488953,59.89222526550293,3.1084289734180155
geolife,3,d64_L2_ff192_highLR,64,4,2,192,0.0008,267580,experiments/geolife_pointer_v45_20251229_020101,1556.0,2269.0,2441.0,2607.0,3320.0,1950.8826904296875,63.334476947784424,0.4035322620483868,46.86746895313263,73.52409362792969,78.52409482002258,58.76152515411377,3.2095118119166446
geolife,3,d80_L3_deeper,80,4,3,160,0.0006,393448,experiments/geolife_pointer_v45_20251229_020055,1556.0,2200.0,2403.0,2584.0,3320.0,1933.024169921875,62.6947820186615,0.4155754408902252,46.86746895313263,72.37951755523682,77.83132791519165,58.22361707687378,3.2387483303363505
geolife,3,d64_L2_lowDropout,64,4,2,128,0.0006,251068,experiments/geolife_pointer_v45_20251229_020151,1601.0,2271.0,2441.0,2626.0,3320.0,1984.5113525390625,64.21701312065125,0.4203653979204771,48.22289049625397,73.52409362792969,79.09638285636902,59.77444052696228,3.111996788244981
geolife,3,d64_L3_lowLR_highDrop,64,4,3,128,0.0005,284540,experiments/geolife_pointer_v45_20251229_020149,1596.0,2241.0,2426.0,2605.0,3320.0,1968.545654296875,63.68757486343384,0.4205953932025972,48.07229042053223,73.07229042053223,78.46385836601257,59.29354429244995,3.188620604001559
geolife,3,d72_L2,72,4,2,144,0.00065,294826,experiments/geolife_pointer_v45_20251229_020153,1569.0,2231.0,2429.0,2613.0,3320.0,1952.779541015625,63.387179374694824,0.41908538107578386,47.25903570652008,73.16265106201172,78.70482206344604,58.81866216659546,3.1476127046805162
