dataset,prev_days,config_name,d_model,nhead,num_layers,dim_feedforward,learning_rate,num_params,experiment_dir,correct@1,correct@3,correct@5,correct@10,total,rr,ndcg,f1,acc@1,acc@5,acc@10,mrr,loss
geolife,3,baseline_d64_L2,64,4,2,128,0.00065,251068,experiments/geolife_pointer_v45_20251229_020050,1770.0,2482.0,2651.0,2786.0,3458.0,2165.398193359375,66.79536700248718,0.46346471308261333,51.18565559387207,76.6628086566925,80.56679964065552,62.61996030807495,2.9828390393938338
geolife,3,d64_L2_ff192_highLR,64,4,2,192,0.0008,267580,experiments/geolife_pointer_v45_20251229_020101,1739.0,2508.0,2663.0,2809.0,3458.0,2155.287109375,66.76381230354309,0.4525244731402917,50.28918385505676,77.0098328590393,81.2319278717041,62.327563762664795,3.047172520841871
geolife,3,d80_L3_deeper,80,4,3,160,0.0006,393448,experiments/geolife_pointer_v45_20251229_020055,1642.0,2370.0,2600.0,2788.0,3458.0,2064.709716796875,64.53628540039062,0.4385292476783784,47.48409390449524,75.18796920776367,80.62463998794556,59.70820188522339,3.1814655917031422
geolife,3,d64_L2_lowDropout,64,4,2,128,0.0006,251068,experiments/geolife_pointer_v45_20251229_020151,1750.0,2497.0,2653.0,2795.0,3458.0,2159.275146484375,66.74482226371765,0.45834624961140996,50.607287883758545,76.72064900398254,80.82706928253174,62.4428927898407,2.987274135862078
geolife,3,d64_L3_lowLR_highDrop,64,4,3,128,0.0005,284540,experiments/geolife_pointer_v45_20251229_020149,1738.0,2461.0,2660.0,2795.0,3458.0,2145.33984375,66.42851829528809,0.4596074514583517,50.26026368141174,76.92307829856873,80.82706928253174,62.03990578651428,3.0577374952180043
geolife,3,d72_L2,72,4,2,144,0.00065,294826,experiments/geolife_pointer_v45_20251229_020153,1701.0,2416.0,2629.0,2796.0,3458.0,2112.273193359375,65.65810441970825,0.4515828473631626,49.19028282165527,76.02660655975342,80.85598349571228,61.08366847038269,3.014147196497236
