{
  "ablation_type": "no_gate",
  "dataset": "diy",
  "seed": 42,
  "parameters": 1079441,
  "validation": {
    "correct@1": 5540.0,
    "correct@3": 7568.0,
    "correct@5": 8088.0,
    "correct@10": 8448.0,
    "rr": 6634.39794921875,
    "ndcg": 69.55695748329163,
    "f1": 0.4861158470673416,
    "total": 10160.0,
    "acc@1": 54.52755689620972,
    "acc@5": 79.60630059242249,
    "acc@10": 83.14960598945618,
    "mrr": 65.29919505119324,
    "loss": 3.136063016435635
  },
  "test": {
    "correct@1": 6936.0,
    "correct@3": 9511.0,
    "correct@5": 10130.0,
    "correct@10": 10548.0,
    "rr": 8313.291015625,
    "ndcg": 71.5569794178009,
    "f1": 0.5119409698545504,
    "total": 12368.0,
    "acc@1": 56.080204248428345,
    "acc@5": 81.90491795539856,
    "acc@10": 85.28460264205933,
    "mrr": 67.21612811088562,
    "loss": 2.9430148202119413
  }
}