{
  "correct@1": 6998.0,
  "correct@3": 9554.0,
  "correct@5": 10163.0,
  "correct@10": 10532.0,
  "rr": 8369.1953125,
  "ndcg": 71.87995314598083,
  "f1": 0.5190767077574236,
  "total": 12368.0,
  "acc@1": 56.58150315284729,
  "acc@5": 82.17173218727112,
  "acc@10": 85.15523672103882,
  "mrr": 67.6681399345398,
  "loss": 2.4462504219455816,
  "acc@1_ci_lower": 55.6840232858991,
  "acc@1_ci_upper": 57.463009379042695,
  "acc@5_ci_lower": 81.48447606727038,
  "acc@5_ci_upper": 82.79430789133248,
  "acc@10_ci_lower": 84.52437742561449,
  "acc@10_ci_upper": 85.76164294954722,
  "mrr_ci_lower": 66.96066480468652,
  "mrr_ci_upper": 68.36240736239726
}