{
  "correct@1": 1800.0,
  "correct@3": 2668.0,
  "correct@5": 2843.0,
  "correct@10": 2978.0,
  "rr": 2260.566650390625,
  "ndcg": 69.46374773979187,
  "f1": 0.4697069861493955,
  "total": 3502.0,
  "acc@1": 51.39920115470886,
  "acc@5": 81.18218183517456,
  "acc@10": 85.0371241569519,
  "mrr": 64.55073356628418,
  "loss": 2.6301598462191493,
  "acc@1_ci_lower": 49.770845231296406,
  "acc@1_ci_upper": 52.91333523700742,
  "acc@5_ci_lower": 79.83866362078813,
  "acc@5_ci_upper": 82.35436893203882,
  "acc@10_ci_lower": 83.8663620788121,
  "acc@10_ci_upper": 86.15077098800685,
  "mrr_ci_lower": 63.28816802901663,
  "mrr_ci_upper": 65.74323836703878
}