{
  "ablation_type": "no_temporal",
  "dataset": "geolife",
  "seed": 42,
  "parameters": 429052,
  "validation": {
    "correct@1": 1550.0,
    "correct@3": 2363.0,
    "correct@5": 2593.0,
    "correct@10": 2750.0,
    "rr": 2002.2257080078125,
    "ndcg": 65.35605788230896,
    "f1": 0.3956661796292882,
    "total": 3334.0,
    "acc@1": 46.49070203304291,
    "acc@5": 77.7744472026825,
    "acc@10": 82.48350620269775,
    "mrr": 60.05476117134094,
    "loss": 2.858336365447854
  },
  "test": {
    "correct@1": 1660.0,
    "correct@3": 2676.0,
    "correct@5": 2853.0,
    "correct@10": 2980.0,
    "rr": 2190.724853515625,
    "ndcg": 68.03076267242432,
    "f1": 0.42014255083544605,
    "total": 3502.0,
    "acc@1": 47.40148484706879,
    "acc@5": 81.46772980690002,
    "acc@10": 85.0942313671112,
    "mrr": 62.556391954422,
    "loss": 2.6341829733415083
  }
}