{
  "ablation_type": "no_pointer",
  "dataset": "geolife",
  "seed": 42,
  "parameters": 204534,
  "validation": {
    "correct@1": 1359.0,
    "correct@3": 2121.0,
    "correct@5": 2354.0,
    "correct@10": 2539.0,
    "rr": 1810.101806640625,
    "ndcg": 46.634864807128906,
    "f1": 0.23687227655910756,
    "total": 4217.0,
    "acc@1": 32.22670257091522,
    "acc@5": 55.821675062179565,
    "acc@10": 60.208678245544434,
    "mrr": 42.92392134666443,
    "loss": 4.243811859804041
  },
  "test": {
    "correct@1": 1192.0,
    "correct@3": 1923.0,
    "correct@5": 2216.0,
    "correct@10": 2441.0,
    "rr": 1637.8037109375,
    "ndcg": 40.95946252346039,
    "f1": 0.1844683891514344,
    "total": 4425.0,
    "acc@1": 26.937854290008545,
    "acc@5": 50.07909536361694,
    "acc@10": 55.16384243965149,
    "mrr": 37.01251447200775,
    "loss": 4.704878356721666
  }
}