{
  "ablation_type": "no_user",
  "dataset": "geolife",
  "seed": 42,
  "parameters": 429772,
  "validation": {
    "correct@1": 1527.0,
    "correct@3": 2378.0,
    "correct@5": 2580.0,
    "correct@10": 2714.0,
    "rr": 1980.4898681640625,
    "ndcg": 64.6059513092041,
    "f1": 0.39600949947170355,
    "total": 3334.0,
    "acc@1": 45.800840854644775,
    "acc@5": 77.38452553749084,
    "acc@10": 81.40372037887573,
    "mrr": 59.402817487716675,
    "loss": 2.8897504446641453
  },
  "test": {
    "correct@1": 1720.0,
    "correct@3": 2688.0,
    "correct@5": 2840.0,
    "correct@10": 2946.0,
    "rr": 2215.890380859375,
    "ndcg": 68.32616329193115,
    "f1": 0.4434617242702431,
    "total": 3502.0,
    "acc@1": 49.114790558815,
    "acc@5": 81.09651803970337,
    "acc@10": 84.12335515022278,
    "mrr": 63.27499747276306,
    "loss": 2.6091039592569523
  }
}