{
  "diy": {
    "n_samples": 12368,
    "mean_gate": 0.7871916651928178,
    "target_in_history_rate": 84.12031047865459,
    "ptr_acc": 56.53298835705045,
    "gen_acc": 5.64359637774903,
    "final_acc": 56.58150064683053
  },
  "geolife": {
    "n_samples": 3502,
    "mean_gate": 0.6267254609683224,
    "target_in_history_rate": 83.80925185608223,
    "ptr_acc": 51.62764134780126,
    "gen_acc": 12.193032552826956,
    "final_acc": 51.39920045688178
  }
}