{
  "ablation_type": "single_layer",
  "dataset": "diy",
  "seed": 42,
  "parameters": 1031570,
  "validation": {
    "correct@1": 5548.0,
    "correct@3": 7614.0,
    "correct@5": 8064.0,
    "correct@10": 8391.0,
    "rr": 6648.77685546875,
    "ndcg": 69.54607367515564,
    "f1": 0.4873931913431243,
    "total": 10160.0,
    "acc@1": 54.606300592422485,
    "acc@5": 79.37008142471313,
    "acc@10": 82.58858323097229,
    "mrr": 65.44071435928345,
    "loss": 3.094625926617556
  },
  "test": {
    "correct@1": 7007.0,
    "correct@3": 9518.0,
    "correct@5": 10130.0,
    "correct@10": 10518.0,
    "rr": 8357.9912109375,
    "ndcg": 71.78143262863159,
    "f1": 0.5159777786718202,
    "total": 12368.0,
    "acc@1": 56.65426850318909,
    "acc@5": 81.90491795539856,
    "acc@10": 85.04204154014587,
    "mrr": 67.57754683494568,
    "loss": 2.8828592165229248
  }
}