{
  "dataset": "DIY",
  "experiment_date": "2026-01-02T09:34:14.853696",
  "checkpoint": "/data/next_loc_clean_v2/experiments/diy_pointer_v45_20260101_155348/checkpoints/best.pt",
  "results": {
    "1": {
      "metrics": {
        "correct@1": 5766.0,
        "correct@3": 7944.0,
        "correct@5": 8366.0,
        "correct@10": 8609.0,
        "rr": 6915.68408203125,
        "ndcg": 63.46931457519531,
        "f1": 0.4672965048422876,
        "total": 11532.0,
        "acc@1": 50.0,
        "acc@5": 72.54595756530762,
        "acc@10": 74.65313673019409,
        "mrr": 59.96951460838318,
        "loss": 3.762802725997419
      },
      "num_samples": 11532,
      "avg_seq_len": 5.620620881026708,
      "std_seq_len": 4.127385596076145,
      "max_seq_len": 29
    },
    "2": {
      "metrics": {
        "correct@1": 6483.0,
        "correct@3": 8856.0,
        "correct@5": 9337.0,
        "correct@10": 9596.0,
        "rr": 7734.3994140625,
        "ndcg": 67.79773235321045,
        "f1": 0.4982450154937036,
        "total": 12068.0,
        "acc@1": 53.72058153152466,
        "acc@5": 77.36990451812744,
        "acc@10": 79.51607704162598,
        "mrr": 64.0901505947113,
        "loss": 3.342358252989552
      },
      "num_samples": 12068,
      "avg_seq_len": 8.780659595624792,
      "std_seq_len": 6.328029032617886,
      "max_seq_len": 42
    },
    "3": {
      "metrics": {
        "correct@1": 6752.0,
        "correct@3": 9203.0,
        "correct@5": 9692.0,
        "correct@10": 10011.0,
        "rr": 8040.90673828125,
        "ndcg": 69.59871649742126,
        "f1": 0.508690463475056,
        "total": 12235.0,
        "acc@1": 55.185943841934204,
        "acc@5": 79.21536564826965,
        "acc@10": 81.82263970375061,
        "mrr": 65.72052836418152,
        "loss": 3.140260761603713
      },
      "num_samples": 12235,
      "avg_seq_len": 11.874621986105435,
      "std_seq_len": 8.396671992022622,
      "max_seq_len": 53
    },
    "4": {
      "metrics": {
        "correct@1": 6886.0,
        "correct@3": 9371.0,
        "correct@5": 9899.0,
        "correct@10": 10234.0,
        "rr": 8202.1943359375,
        "ndcg": 70.59944868087769,
        "f1": 0.5148005418127417,
        "total": 12311.0,
        "acc@1": 55.933719873428345,
        "acc@5": 80.40776252746582,
        "acc@10": 83.12891125679016,
        "mrr": 66.62492156028748,
        "loss": 3.038693174179354
      },
      "num_samples": 12311,
      "avg_seq_len": 14.909836731378443,
      "std_seq_len": 10.333823428445976,
      "max_seq_len": 65
    },
    "5": {
      "metrics": {
        "correct@1": 6941.0,
        "correct@3": 9468.0,
        "correct@5": 10019.0,
        "correct@10": 10361.0,
        "rr": 8287.83984375,
        "ndcg": 71.1493730545044,
        "f1": 0.5151036499834839,
        "total": 12351.0,
        "acc@1": 56.19787573814392,
        "acc@5": 81.1189353466034,
        "acc@10": 83.88794660568237,
        "mrr": 67.1025812625885,
        "loss": 2.9727804685503707
      },
      "num_samples": 12351,
      "avg_seq_len": 17.910371629827544,
      "std_seq_len": 12.218127167400265,
      "max_seq_len": 77
    },
    "6": {
      "metrics": {
        "correct@1": 6988.0,
        "correct@3": 9529.0,
        "correct@5": 10116.0,
        "correct@10": 10472.0,
        "rr": 8345.603515625,
        "ndcg": 71.64281010627747,
        "f1": 0.5181252729514197,
        "total": 12365.0,
        "acc@1": 56.514352560043335,
        "acc@5": 81.81156516075134,
        "acc@10": 84.69066023826599,
        "mrr": 67.49376058578491,
        "loss": 2.9127462174474577
      },
      "num_samples": 12365,
      "avg_seq_len": 20.926243429033562,
      "std_seq_len": 14.053018245059631,
      "max_seq_len": 89
    },
    "7": {
      "metrics": {
        "correct@1": 6998.0,
        "correct@3": 9553.0,
        "correct@5": 10164.0,
        "correct@10": 10532.0,
        "rr": 8368.9892578125,
        "ndcg": 71.87872529029846,
        "f1": 0.5190767077574236,
        "total": 12368.0,
        "acc@1": 56.58150315284729,
        "acc@5": 82.17982053756714,
        "acc@10": 85.15523672103882,
        "mrr": 67.66647100448608,
        "loss": 2.8736380461564996
      },
      "num_samples": 12368,
      "avg_seq_len": 23.98132276843467,
      "std_seq_len": 15.76837693982042,
      "max_seq_len": 99
    }
  }
}