{
  "dataset": "GeoLife",
  "experiment_date": "2026-01-02T09:34:26.122831",
  "checkpoint": "/data/next_loc_clean_v2/experiments/geolife_pointer_v45_20260101_151038/checkpoints/best.pt",
  "results": {
    "1": {
      "metrics": {
        "correct@1": 1561.0,
        "correct@3": 2144.0,
        "correct@5": 2284.0,
        "correct@10": 2425.0,
        "rr": 1886.9202880859375,
        "ndcg": 61.59768104553223,
        "f1": 0.4550737376652199,
        "total": 3263.0,
        "acc@1": 47.83941209316254,
        "acc@5": 69.99693512916565,
        "acc@10": 74.31811094284058,
        "mrr": 57.82777667045593,
        "loss": 3.4921626951180254
      },
      "num_samples": 3263,
      "avg_seq_len": 4.146490959239963,
      "std_seq_len": 2.7173508241534097,
      "max_seq_len": 14
    },
    "2": {
      "metrics": {
        "correct@1": 1664.0,
        "correct@3": 2352.0,
        "correct@5": 2508.0,
        "correct@10": 2641.0,
        "rr": 2042.1705322265625,
        "ndcg": 64.21394348144531,
        "f1": 0.4641165280480084,
        "total": 3398.0,
        "acc@1": 48.96998107433319,
        "acc@5": 73.80812168121338,
        "acc@10": 77.72219181060791,
        "mrr": 60.09919047355652,
        "loss": 3.2147233927691423
      },
      "num_samples": 3398,
      "avg_seq_len": 6.529429075927016,
      "std_seq_len": 4.086777840456658,
      "max_seq_len": 21
    },
    "3": {
      "metrics": {
        "correct@1": 1695.0,
        "correct@3": 2481.0,
        "correct@5": 2660.0,
        "correct@10": 2783.0,
        "rr": 2121.216064453125,
        "ndcg": 65.8651351928711,
        "f1": 0.4571471209664475,
        "total": 3458.0,
        "acc@1": 49.01677370071411,
        "acc@5": 76.92307829856873,
        "acc@10": 80.48004508018494,
        "mrr": 61.342281103134155,
        "loss": 3.0149904879656706
      },
      "num_samples": 3458,
      "avg_seq_len": 8.873626373626374,
      "std_seq_len": 5.480333805983642,
      "max_seq_len": 28
    },
    "4": {
      "metrics": {
        "correct@1": 1764.0,
        "correct@3": 2572.0,
        "correct@5": 2728.0,
        "correct@10": 2854.0,
        "rr": 2191.03857421875,
        "ndcg": 67.33947396278381,
        "f1": 0.4668348756093082,
        "total": 3487.0,
        "acc@1": 50.58789849281311,
        "acc@5": 78.23343873023987,
        "acc@10": 81.84685707092285,
        "mrr": 62.83448934555054,
        "loss": 2.8467023459347813
      },
      "num_samples": 3487,
      "avg_seq_len": 11.241755090335532,
      "std_seq_len": 6.912646823617711,
      "max_seq_len": 32
    },
    "5": {
      "metrics": {
        "correct@1": 1758.0,
        "correct@3": 2593.0,
        "correct@5": 2765.0,
        "correct@10": 2897.0,
        "rr": 2201.61669921875,
        "ndcg": 67.75056719779968,
        "f1": 0.4639600627563366,
        "total": 3494.0,
        "acc@1": 50.314825773239136,
        "acc@5": 79.135662317276,
        "acc@10": 82.91356563568115,
        "mrr": 63.011354207992554,
        "loss": 2.7872410427440295
      },
      "num_samples": 3494,
      "avg_seq_len": 13.603033772180881,
      "std_seq_len": 8.318096489277279,
      "max_seq_len": 35
    },
    "6": {
      "metrics": {
        "correct@1": 1783.0,
        "correct@3": 2650.0,
        "correct@5": 2806.0,
        "correct@10": 2928.0,
        "rr": 2235.396728515625,
        "ndcg": 68.61062049865723,
        "f1": 0.4668323284829714,
        "total": 3499.0,
        "acc@1": 50.957417488098145,
        "acc@5": 80.19434213638306,
        "acc@10": 83.68105292320251,
        "mrr": 63.88673186302185,
        "loss": 2.707577343420549
      },
      "num_samples": 3499,
      "avg_seq_len": 15.947127750785938,
      "std_seq_len": 9.7022435132011,
      "max_seq_len": 40
    },
    "7": {
      "metrics": {
        "correct@1": 1800.0,
        "correct@3": 2668.0,
        "correct@5": 2843.0,
        "correct@10": 2978.0,
        "rr": 2260.449951171875,
        "ndcg": 69.46126222610474,
        "f1": 0.4697069861493955,
        "total": 3502.0,
        "acc@1": 51.39920115470886,
        "acc@5": 81.18218183517456,
        "acc@10": 85.0371241569519,
        "mrr": 64.54740166664124,
        "loss": 2.6301438591696997
      },
      "num_samples": 3502,
      "avg_seq_len": 18.3703597944032,
      "std_seq_len": 11.08106574697168,
      "max_seq_len": 46
    }
  }
}