{
  "ablation_type": "no_gate",
  "dataset": "geolife",
  "seed": 42,
  "parameters": 438699,
  "validation": {
    "correct@1": 1535.0,
    "correct@3": 2351.0,
    "correct@5": 2565.0,
    "correct@10": 2748.0,
    "rr": 1990.6943359375,
    "ndcg": 65.06493091583252,
    "f1": 0.4027949820894995,
    "total": 3334.0,
    "acc@1": 46.040791273117065,
    "acc@5": 76.93461179733276,
    "acc@10": 82.42351412773132,
    "mrr": 59.708887338638306,
    "loss": 2.8756201109796202
  },
  "test": {
    "correct@1": 1735.0,
    "correct@3": 2674.0,
    "correct@5": 2859.0,
    "correct@10": 2965.0,
    "rr": 2226.321533203125,
    "ndcg": 68.67260336875916,
    "f1": 0.4489396470246267,
    "total": 3502.0,
    "acc@1": 49.543118476867676,
    "acc@5": 81.63906335830688,
    "acc@10": 84.66590642929077,
    "mrr": 63.57285976409912,
    "loss": 2.6445473996075717
  }
}