gate_range,num_samples,acc@1,avg_gate,target_in_history_rate,avg_seq_length
Low Pointer (0-0.3),160,20.625,0.2255185900721699,46.875,11.81875
Medium Pointer (0.3-0.5),686,29.591836734693878,0.42436197460914143,58.89212827988338,20.100583090379008
Balanced (0.5-0.7),2336,44.99143835616438,0.6155516014064419,75.81335616438356,21.90625
High Pointer (0.7-1.0),9186,62.55170912257783,0.8487932083525223,88.76551273677336,25.01066840844764
