gate_range,num_samples,acc@1,avg_gate,target_in_history_rate,avg_seq_length
Low Pointer (0-0.3),236,47.45762711864407,0.19835901247747875,66.94915254237289,13.177966101694915
Medium Pointer (0.3-0.5),434,48.8479262672811,0.40764997995668845,78.3410138248848,16.089861751152075
Balanced (0.5-0.7),968,49.48347107438016,0.6169158737521526,82.12809917355372,19.49380165289256
High Pointer (0.7-1.0),1864,58.31545064377682,0.8175900503993034,88.0901287553648,18.97532188841202
