{
  "ablation_type": "no_position_bias",
  "dataset": "diy",
  "seed": 42,
  "parameters": 1081439,
  "validation": {
    "correct@1": 5579.0,
    "correct@3": 7601.0,
    "correct@5": 8093.0,
    "correct@10": 8420.0,
    "rr": 6668.94287109375,
    "ndcg": 69.74760890007019,
    "f1": 0.49418034587031406,
    "total": 10160.0,
    "acc@1": 54.91141676902771,
    "acc@5": 79.65551018714905,
    "acc@10": 82.87401795387268,
    "mrr": 65.63920378684998,
    "loss": 3.085253651037156
  },
  "test": {
    "correct@1": 7007.0,
    "correct@3": 9550.0,
    "correct@5": 10159.0,
    "correct@10": 10532.0,
    "rr": 8372.865234375,
    "ndcg": 71.9020426273346,
    "f1": 0.5197472534006313,
    "total": 12368.0,
    "acc@1": 56.65426850318909,
    "acc@5": 82.13939070701599,
    "acc@10": 85.15523672103882,
    "mrr": 67.69781112670898,
    "loss": 2.8733301482249782
  }
}