{
  "ablation_type": "no_generation",
  "dataset": "diy",
  "seed": 42,
  "parameters": 621971,
  "validation": {
    "correct@1": 5577.0,
    "correct@3": 7608.0,
    "correct@5": 8026.0,
    "correct@10": 8324.0,
    "rr": 6643.6884765625,
    "ndcg": 69.41012144088745,
    "f1": 0.49235442564119014,
    "total": 10160.0,
    "acc@1": 54.8917293548584,
    "acc@5": 78.99606227874756,
    "acc@10": 81.9291353225708,
    "mrr": 65.39063453674316,
    "loss": 5.9336066148566
  },
  "test": {
    "correct@1": 7101.0,
    "correct@3": 9545.0,
    "correct@5": 10117.0,
    "correct@10": 10448.0,
    "rr": 8395.3818359375,
    "ndcg": 71.92404270172119,
    "f1": 0.5233459851180148,
    "total": 12368.0,
    "acc@1": 57.41429328918457,
    "acc@5": 81.79980516433716,
    "acc@10": 84.47606563568115,
    "mrr": 67.87986755371094,
    "loss": 5.367463052272797
  }
}