{
  "ablation_type": "no_pointer",
  "dataset": "geolife",
  "seed": 42,
  "parameters": 420011,
  "validation": {
    "correct@1": 1238.0,
    "correct@3": 1886.0,
    "correct@5": 2060.0,
    "correct@10": 2144.0,
    "rr": 1597.8446044921875,
    "ndcg": 51.726776361465454,
    "f1": 0.2913243224221571,
    "total": 3334.0,
    "acc@1": 37.13257312774658,
    "acc@5": 61.7876410484314,
    "acc@10": 64.30714130401611,
    "mrr": 47.92575240135193,
    "loss": 4.252425299500519
  },
  "test": {
    "correct@1": 960.0,
    "correct@3": 1645.0,
    "correct@5": 1896.0,
    "correct@10": 2054.0,
    "rr": 1361.4415283203125,
    "ndcg": 43.43262314796448,
    "f1": 0.19627964889937,
    "total": 3502.0,
    "acc@1": 27.412906289100647,
    "acc@5": 54.14049029350281,
    "acc@10": 58.65219831466675,
    "mrr": 38.876113295555115,
    "loss": 4.839217244495045
  }
}