{
  "ablation_type": "no_generation",
  "dataset": "geolife",
  "seed": 42,
  "parameters": 323560,
  "validation": {
    "correct@1": 1587.0,
    "correct@3": 2445.0,
    "correct@5": 2642.0,
    "correct@10": 2762.0,
    "rr": 2028.0457763671875,
    "ndcg": 65.81012606620789,
    "f1": 0.42529529183792464,
    "total": 3334.0,
    "acc@1": 47.600480914115906,
    "acc@5": 79.24414873123169,
    "acc@10": 82.84342885017395,
    "mrr": 60.82921028137207,
    "loss": 5.350768611116229
  },
  "test": {
    "correct@1": 1816.0,
    "correct@3": 2746.0,
    "correct@5": 2886.0,
    "correct@10": 2990.0,
    "rr": 2274.4033203125,
    "ndcg": 69.5834219455719,
    "f1": 0.4794927825606869,
    "total": 3502.0,
    "acc@1": 51.85608267784119,
    "acc@5": 82.41004943847656,
    "acc@10": 85.37978529930115,
    "mrr": 64.94584083557129,
    "loss": 4.582869182933461
  }
}