{
  "ablation_type": "no_temporal",
  "dataset": "diy",
  "seed": 42,
  "parameters": 1074034,
  "validation": {
    "correct@1": 5456.0,
    "correct@3": 7571.0,
    "correct@5": 8095.0,
    "correct@10": 8456.0,
    "rr": 6599.70166015625,
    "ndcg": 69.32498216629028,
    "f1": 0.47520886936722206,
    "total": 10160.0,
    "acc@1": 53.70078682899475,
    "acc@5": 79.67519760131836,
    "acc@10": 83.22834372520447,
    "mrr": 64.95769619941711,
    "loss": 3.087058757835964
  },
  "test": {
    "correct@1": 6920.0,
    "correct@3": 9529.0,
    "correct@5": 10146.0,
    "correct@10": 10543.0,
    "rr": 8316.404296875,
    "ndcg": 71.55997157096863,
    "f1": 0.5033679001576451,
    "total": 12368.0,
    "acc@1": 55.95083832740784,
    "acc@5": 82.03428387641907,
    "acc@10": 85.24417877197266,
    "mrr": 67.24130511283875,
    "loss": 2.8854854444867555
  }
}