config_path,experiment_path,dataset,prev_days,emb_size,hidden_size,num_layer,ff_dim,lr,num_params,correct@1,correct@3,correct@5,correct@10,total,rr,ndcg,f1,acc@1,acc@5,acc@10,mrr,loss
/data/next_loc_clean_v2/config/ht_grid_search/LSTM_geolife_prev3_emb32_h32_l2_ff256_lr0.001.yaml,experiments/geolife_LSTM_20251230_022301,geolife,3,32,32,2,256,0.001,104035,689.0,1105.0,1418.0,1767.0,3458.0,1007.796875,33.84641110897064,0.09361274833541985,19.924812018871307,41.006362438201904,51.09890103340149,29.14392352104187,
/data/next_loc_clean_v2/config/ht_grid_search/LSTM_geolife_prev3_emb32_h32_l2_ff256_lr0.0015.yaml,experiments/geolife_LSTM_20251230_022306,geolife,3,32,32,2,256,0.0015,104035,872.0,1376.0,1599.0,1844.0,3458.0,1195.6514892578125,38.574621081352234,0.14171798338377894,25.21688938140869,46.24060094356537,53.32562327384949,34.57638919353485,
/data/next_loc_clean_v2/config/ht_grid_search/LSTM_geolife_prev3_emb32_h32_l2_ff256_lr0.002.yaml,experiments/geolife_LSTM_20251230_022311,geolife,3,32,32,2,256,0.002,104035,991.0,1531.0,1672.0,1897.0,3458.0,1309.6864013671875,41.51681959629059,0.16422141481768548,28.65818440914154,48.351648449897766,54.85829710960388,37.87409961223602,
