config_path,experiment_path,dataset,prev_days,emb_size,hidden_size,num_layer,ff_dim,lr,num_params,correct@1,correct@3,correct@5,correct@10,total,rr,ndcg,f1,acc@1,acc@5,acc@10,mrr,loss
/data/next_loc_clean_v2/config/ht_grid_search/LSTM_geolife_prev3_emb32_h32_l2_ff256_lr0.001.yaml,experiments/geolife_LSTM_20251230_022301,geolife,3,32,32,2,256,0.001,104035,709.0,1355.0,1597.0,1869.0,3320.0,1107.14990234375,38.40509653091431,0.10717552547618175,21.35542184114456,48.10240864753723,56.295180320739746,33.34788978099823,4.995246162781348
/data/next_loc_clean_v2/config/ht_grid_search/LSTM_geolife_prev3_emb32_h32_l2_ff256_lr0.0015.yaml,experiments/geolife_LSTM_20251230_022306,geolife,3,32,32,2,256,0.0015,104035,983.0,1528.0,1814.0,1987.0,3320.0,1339.29638671875,44.694119691848755,0.17093093082636537,29.608434438705444,54.63855266571045,59.84939932823181,40.340253710746765,4.584819008524601
/data/next_loc_clean_v2/config/ht_grid_search/LSTM_geolife_prev3_emb32_h32_l2_ff256_lr0.002.yaml,experiments/geolife_LSTM_20251230_022311,geolife,3,32,32,2,256,0.002,104035,1093.0,1663.0,1868.0,2034.0,3320.0,1437.258544921875,47.32363522052765,0.1936834098844613,32.9216867685318,56.26506209373474,61.26505732536316,43.290919065475464,4.469211323903157
