config_path,experiment_path,dataset,prev_days,base_emb_size,n_head,num_layer,ff_dim,lr,num_params,correct@1,correct@3,correct@5,correct@10,total,rr,ndcg,f1,acc@1,acc@5,acc@10,mrr,loss
/data/next_loc_clean_v2/config/ht_grid_search/MHSA_geolife_prev3_emb32_h2_l2_ff256_lr0.001.yaml,experiments/geolife_MHSA_20251230_022228,geolife,3,32,2,2,256,0.001,129187,531.0,909.0,1174.0,1463.0,3458.0,811.263427734375,27.43920087814331,0.06036869140072493,15.355697274208069,33.950260281562805,42.307692766189575,23.460480570793152,
/data/next_loc_clean_v2/config/ht_grid_search/MHSA_geolife_prev3_emb32_h2_l2_ff256_lr0.002.yaml,experiments/geolife_MHSA_20251230_022233,geolife,3,32,2,2,256,0.002,129187,619.0,1153.0,1309.0,1679.0,3458.0,955.990478515625,31.982645392417908,0.08676386675727454,17.90052056312561,37.85425126552582,48.55407774448395,27.645763754844666,
/data/next_loc_clean_v2/config/ht_grid_search/MHSA_geolife_prev3_emb32_h2_l2_ff256_lr0.0005.yaml,experiments/geolife_MHSA_20251230_022239,geolife,3,32,2,2,256,0.0005,129187,467.0,872.0,1098.0,1211.0,3458.0,724.1298217773438,23.982639610767365,0.0582565010199298,13.504916429519653,31.752458214759827,35.020244121551514,20.940712094306946,
