config_path,experiment_path,dataset,prev_days,base_emb_size,n_head,num_layer,ff_dim,lr,num_params,correct@1,correct@3,correct@5,correct@10,total,rr,ndcg,f1,acc@1,acc@5,acc@10,mrr,loss
/data/next_loc_clean_v2/config/ht_grid_search/MHSA_geolife_prev3_emb32_h2_l2_ff256_lr0.001.yaml,experiments/geolife_MHSA_20251230_022228,geolife,3,32,2,2,256,0.001,129187,585.0,1145.0,1387.0,1724.0,3320.0,931.7377319335938,33.32662582397461,0.09008444117896491,17.620481550693512,41.77710711956024,51.92770957946777,28.064388036727905,5.451630883491957
/data/next_loc_clean_v2/config/ht_grid_search/MHSA_geolife_prev3_emb32_h2_l2_ff256_lr0.002.yaml,experiments/geolife_MHSA_20251230_022233,geolife,3,32,2,2,256,0.002,129187,681.0,1423.0,1569.0,1924.0,3320.0,1092.17578125,38.452327251434326,0.11777949686513202,20.51204890012741,47.25903570652008,57.95180797576904,32.89686143398285,5.10143815783354
/data/next_loc_clean_v2/config/ht_grid_search/MHSA_geolife_prev3_emb32_h2_l2_ff256_lr0.0005.yaml,experiments/geolife_MHSA_20251230_022239,geolife,3,32,2,2,256,0.0005,129187,510.0,1060.0,1241.0,1366.0,3320.0,811.9833374023438,28.013670444488525,0.08663718923283029,15.361446142196655,37.379518151283264,41.14457964897156,24.457329511642456,6.281427729588288
