config_path,experiment_path,dataset,prev_days,d_model,n_head,num_layer,ff_dim,lr,num_params,correct@1,correct@3,correct@5,correct@10,total,rr,ndcg,f1,acc@1,acc@5,acc@10,mrr,loss
/data/next_loc_clean_v2/config/ht_grid_search/pointer_v45_geolife_prev3_d64_h4_l2_ff256_lr0.00065.yaml,experiments/geolife_pointer_v45_20251230_020627,geolife,3,64,4,2,256,0.00065,284092,1613.0,2535.0,2667.0,2740.0,3458.0,2089.531005859375,65.01106023788452,0.41914380870551693,46.64545953273773,77.12550759315491,79.2365550994873,60.42599678039551,3.127119634832655
/data/next_loc_clean_v2/config/ht_grid_search/pointer_v45_geolife_prev3_d32_h2_l2_ff128_lr0.0006.yaml,experiments/geolife_pointer_v45_20251230_020637,geolife,3,32,2,2,128,0.0006,112196,1623.0,2536.0,2637.0,2716.0,3458.0,2083.83740234375,64.73242044448853,0.42614467973043657,46.934643387794495,76.25795006752014,78.54251265525818,60.26134490966797,3.153712736708777
/data/next_loc_clean_v2/config/ht_grid_search/pointer_v45_geolife_prev7_d32_h2_l2_ff128_lr0.0007.yaml,experiments/geolife_pointer_v45_20251230_020647,geolife,7,32,2,2,128,0.0007,112412,1538.0,2723.0,2847.0,2934.0,3502.0,2129.052490234375,66.50201678276062,0.38689164170232615,43.917760252952576,81.29640221595764,83.78069400787354,60.79533100128174,2.7979368354593004
/data/next_loc_clean_v2/config/ht_grid_search/pointer_v45_diy_prev7_d64_h4_l2_ff256_lr0.00065.yaml,experiments/diy_pointer_v45_20251230_020632,diy,7,64,4,2,256,0.00065,1081554,6812.0,9503.0,10133.0,10504.0,12368.0,8237.962890625,71.04859948158264,0.49010982923833446,55.07761836051941,81.92917108535767,84.92884635925293,66.60707592964172,2.7671372140805746
/data/next_loc_clean_v2/config/ht_grid_search/pointer_v45_diy_prev3_d32_h2_l2_ff128_lr0.0006.yaml,experiments/diy_pointer_v45_20251230_020642,diy,3,32,2,2,128,0.0006,534208,9266.0,13149.0,13890.0,14304.0,17447.0,11276.33984375,68.84961724281311,0.47426958128037544,53.10941934585571,79.61254119873047,81.98544383049011,64.63196873664856,3.008041013766379
