config_path,experiment_path,dataset,prev_days,d_model,n_head,num_layer,ff_dim,lr,num_params,correct@1,correct@3,correct@5,correct@10,total,rr,ndcg,f1,acc@1,acc@5,acc@10,mrr,loss
/data/next_loc_clean_v2/config/ht_grid_search/pointer_v45_geolife_prev3_d64_h4_l2_ff256_lr0.00065.yaml,experiments/geolife_pointer_v45_20251230_020627,geolife,3,64,4,2,256,0.00065,284092,1413.0,2265.0,2463.0,2562.0,3320.0,1865.998046875,61.224931478500366,0.37468948285649994,42.560240626335144,74.18674826622009,77.16867327690125,56.20476007461548,3.291911482810974
/data/next_loc_clean_v2/config/ht_grid_search/pointer_v45_geolife_prev3_d32_h2_l2_ff128_lr0.0006.yaml,experiments/geolife_pointer_v45_20251230_020637,geolife,3,32,2,2,128,0.0006,112196,1386.0,2247.0,2436.0,2526.0,3320.0,1841.1319580078125,60.45718193054199,0.36604982859972657,41.74698889255524,73.37349653244019,76.08433961868286,55.455780029296875,3.3508935616566586
/data/next_loc_clean_v2/config/ht_grid_search/pointer_v45_geolife_prev7_d32_h2_l2_ff128_lr0.0007.yaml,experiments/geolife_pointer_v45_20251230_020647,geolife,7,32,2,2,128,0.0007,112412,1360.0,2382.0,2581.0,2693.0,3334.0,1888.178955078125,62.525928020477295,0.34181551260201143,40.791842341423035,77.41451859474182,80.77384233474731,56.6340446472168,3.1246438997763173
/data/next_loc_clean_v2/config/ht_grid_search/pointer_v45_diy_prev7_d64_h4_l2_ff256_lr0.00065.yaml,experiments/diy_pointer_v45_20251230_020632,diy,7,64,4,2,256,0.00065,1081554,5362.0,7594.0,8048.0,8362.0,10160.0,6529.2060546875,68.61947178840637,0.45892184754472615,52.77559161186218,79.21259999275208,82.3031485080719,64.26383852958679,2.9987671077251434
/data/next_loc_clean_v2/config/ht_grid_search/pointer_v45_diy_prev3_d32_h2_l2_ff128_lr0.0006.yaml,experiments/diy_pointer_v45_20251230_020642,diy,3,32,2,2,128,0.0006,534208,7950.0,11218.0,11803.0,12171.0,15166.0,9635.015625,67.58253574371338,0.4623225718874308,52.419888973236084,77.8253972530365,80.25187849998474,63.530367612838745,3.1471170808086875
