config_path,experiment_path,dataset,prev_days,d_model,n_head,num_layer,ff_dim,lr,num_params,correct@1,correct@3,correct@5,correct@10,total,rr,ndcg,f1,acc@1,acc@5,acc@10,mrr,loss
/data/next_loc_clean_v2/config/ht_grid_search/pointer_v45_geolife_prev3_d32_h2_l2_ff256_lr0.0006.yaml,experiments/geolife_pointer_v45_20251230_020907,geolife,3,32,2,2,256,0.0006,128836,1532.0,2544.0,2667.0,2742.0,3458.0,2039.6744384765625,63.99369239807129,0.39927428717964664,44.30306553840637,77.12550759315491,79.29438948631287,58.98422598838806,3.1025420810495103
/data/next_loc_clean_v2/config/ht_grid_search/pointer_v45_geolife_prev3_d32_h2_l2_ff256_lr0.00065.yaml,experiments/geolife_pointer_v45_20251230_020912,geolife,3,32,2,2,256,0.00065,128836,1541.0,2541.0,2669.0,2742.0,3458.0,2045.5394287109375,64.11102414131165,0.40092633404240186,44.563332200050354,77.18334197998047,79.29438948631287,59.153831005096436,3.0980467753750935
/data/next_loc_clean_v2/config/ht_grid_search/pointer_v45_geolife_prev3_d32_h2_l2_ff256_lr0.0007.yaml,experiments/geolife_pointer_v45_20251230_020917,geolife,3,32,2,2,256,0.0007,128836,1552.0,2542.0,2667.0,2743.0,3458.0,2052.0654296875,64.24971222877502,0.40360530663929556,44.8814332485199,77.12550759315491,79.32330965995789,59.34255123138428,3.093944796494075
/data/next_loc_clean_v2/config/ht_grid_search/pointer_v45_geolife_prev3_d32_h2_l2_ff128_lr0.0006.yaml,experiments/geolife_pointer_v45_20251230_020922,geolife,3,32,2,2,128,0.0006,112196,1622.0,2536.0,2636.0,2715.0,3458.0,2083.29296875,64.71250057220459,0.4258579276809547,46.905726194381714,76.2290358543396,78.51359248161316,60.24560332298279,3.1536921858787537
/data/next_loc_clean_v2/config/ht_grid_search/pointer_v45_geolife_prev3_d32_h2_l2_ff128_lr0.00065.yaml,experiments/geolife_pointer_v45_20251230_020927,geolife,3,32,2,2,128,0.00065,112196,1631.0,2535.0,2638.0,2723.0,3458.0,2089.5166015625,64.8989737033844,0.42766914544175366,47.165992856025696,76.28687024116516,78.74494194984436,60.42557954788208,3.1456159821578433
