config_path,experiment_path,dataset,prev_days,d_model,n_head,num_layer,ff_dim,lr,num_params,correct@1,correct@3,correct@5,correct@10,total,rr,ndcg,f1,acc@1,acc@5,acc@10,mrr,loss
/data/next_loc_clean_v2/config/ht_grid_search/pointer_v45_geolife_prev3_d32_h2_l2_ff256_lr0.0006.yaml,experiments/geolife_pointer_v45_20251230_022206,geolife,3,32,2,2,256,0.0006,128836,1321.0,2258.0,2449.0,2550.0,3320.0,1807.408203125,59.87834334373474,0.34575310809805126,39.78915810585022,73.76505732536316,76.80723071098328,54.440003633499146,3.3353403898385854
/data/next_loc_clean_v2/config/ht_grid_search/pointer_v45_geolife_prev3_d32_h2_l2_ff256_lr0.00065.yaml,experiments/geolife_pointer_v45_20251230_022211,geolife,3,32,2,2,256,0.00065,128836,1328.0,2262.0,2456.0,2551.0,3320.0,1811.993896484375,59.98104810714722,0.3471346445411856,40.00000059604645,73.97590279579163,76.83734893798828,54.578131437301636,3.3298766979804406
/data/next_loc_clean_v2/config/ht_grid_search/pointer_v45_geolife_prev3_d32_h2_l2_ff256_lr0.0007.yaml,experiments/geolife_pointer_v45_20251230_022216,geolife,3,32,2,2,256,0.0007,128836,1338.0,2264.0,2456.0,2556.0,3320.0,1818.125,60.14894247055054,0.3497928035192775,40.30120372772217,73.97590279579163,76.98795199394226,54.76279854774475,3.324691048035255
