config_path,experiment_path,dataset,prev_days,d_model,n_head,num_layer,ff_dim,lr,num_params,correct@1,correct@3,correct@5,correct@10,total,rr,ndcg,f1,acc@1,acc@5,acc@10,mrr,loss
/data/next_loc_clean_v2/config/ht_grid_search/pointer_v45_geolife_prev3_d32_h2_l2_ff256_lr0.0006.yaml,experiments/geolife_pointer_v45_20251230_020907,geolife,3,32,2,2,256,0.0006,128836,1321.0,2258.0,2449.0,2550.0,3320.0,1807.24267578125,59.87439751625061,0.34576808497886624,39.78915810585022,73.76505732536316,76.80723071098328,54.43502068519592,3.3353299452708316
/data/next_loc_clean_v2/config/ht_grid_search/pointer_v45_geolife_prev3_d32_h2_l2_ff256_lr0.00065.yaml,experiments/geolife_pointer_v45_20251230_020912,geolife,3,32,2,2,256,0.00065,128836,1329.0,2261.0,2456.0,2551.0,3320.0,1812.4117431640625,59.99007225036621,0.3474434663837347,40.03012180328369,73.97590279579163,76.83734893798828,54.59071397781372,3.3298727915837216
/data/next_loc_clean_v2/config/ht_grid_search/pointer_v45_geolife_prev3_d32_h2_l2_ff256_lr0.0007.yaml,experiments/geolife_pointer_v45_20251230_020917,geolife,3,32,2,2,256,0.0007,128836,1338.0,2264.0,2456.0,2556.0,3320.0,1818.12451171875,60.14894247055054,0.3498081627083353,40.30120372772217,73.97590279579163,76.98795199394226,54.762786626815796,3.3247035925204935
/data/next_loc_clean_v2/config/ht_grid_search/pointer_v45_geolife_prev3_d32_h2_l2_ff128_lr0.0006.yaml,experiments/geolife_pointer_v45_20251230_020922,geolife,3,32,2,2,128,0.0006,112196,1386.0,2247.0,2436.0,2526.0,3320.0,1841.113037109375,60.45682430267334,0.3660593724433513,41.74698889255524,73.37349653244019,76.08433961868286,55.45521378517151,3.3508883714675903
/data/next_loc_clean_v2/config/ht_grid_search/pointer_v45_geolife_prev3_d32_h2_l2_ff128_lr0.00065.yaml,experiments/geolife_pointer_v45_20251230_020927,geolife,3,32,2,2,128,0.00065,112196,1395.0,2252.0,2441.0,2532.0,3320.0,1847.824462890625,60.64767837524414,0.36752410727858703,42.01807081699371,73.52409362792969,76.26506090164185,55.657362937927246,3.3429869688474216
