config_path,experiment_path,dataset,prev_days,d_model,n_head,num_layer,ff_dim,lr,num_params,correct@1,correct@3,correct@5,correct@10,total,rr,ndcg,f1,acc@1,acc@5,acc@10,mrr,loss
/data/next_loc_clean_v2/config/ht_grid_search/pointer_v45_diy_prev3_d32_h2_l2_ff256_lr0.0006.yaml,experiments/diy_pointer_v45_20251230_182815,diy,3,32,2,2,256,0.0006,550848,9247.0,13128.0,13873.0,14300.0,17447.0,11259.5048828125,68.764328956604,0.4770165345330737,53.0005156993866,79.51510548591614,81.96251392364502,64.53548073768616,3.010485800513386
/data/next_loc_clean_v2/config/ht_grid_search/pointer_v45_diy_prev3_d32_h2_l2_ff256_lr0.00065.yaml,experiments/diy_pointer_v45_20251230_182820,diy,3,32,2,2,256,0.00065,550848,9268.0,13147.0,13877.0,14301.0,17447.0,11274.2119140625,68.8298761844635,0.4779650377952329,53.12088131904602,79.53802943229675,81.96824789047241,64.61977362632751,3.006032261535199
/data/next_loc_clean_v2/config/ht_grid_search/pointer_v45_diy_prev3_d32_h2_l2_ff128_lr0.0006.yaml,experiments/diy_pointer_v45_20251230_183001,diy,3,32,2,2,128,0.0006,534208,9269.0,13150.0,13890.0,14304.0,17447.0,11277.5869140625,68.85485649108887,0.4744123665111809,53.126609325408936,79.61254119873047,81.98544383049011,64.63911533355713,3.0080454680171327
/data/next_loc_clean_v2/config/ht_grid_search/pointer_v45_diy_prev3_d32_h2_l2_ff256_lr0.0007.yaml,experiments/diy_pointer_v45_20251230_182956,diy,3,32,2,2,256,0.0007,550848,9283.0,13153.0,13877.0,14302.0,17447.0,11285.462890625,68.87985467910767,0.4785554210928289,53.206855058670044,79.53802943229675,81.97397589683533,64.68425989151001,3.0019676415589602
/data/next_loc_clean_v2/config/ht_grid_search/pointer_v45_diy_prev3_d32_h2_l2_ff128_lr0.0007.yaml,experiments/diy_pointer_v45_20251230_183140,diy,3,32,2,2,128,0.0007,534208,9317.0,13151.0,13899.0,14308.0,17447.0,11305.798828125,68.98172497749329,0.4761938627380647,53.401732444763184,79.66412305831909,82.00836777687073,64.80081677436829,3.000897960071146
/data/next_loc_clean_v2/config/ht_grid_search/pointer_v45_diy_prev3_d32_h2_l2_ff128_lr0.00065.yaml,experiments/diy_pointer_v45_20251230_183140,diy,3,32,2,2,128,0.00065,534208,9284.0,13147.0,13893.0,14308.0,17447.0,11287.046875,68.90172958374023,0.47473883033379044,53.21258902549744,79.62973713874817,82.00836777687073,64.6933376789093,3.004205792489713
