config_path,experiment_path,dataset,prev_days,d_model,n_head,num_layer,ff_dim,lr,num_params,correct@1,correct@3,correct@5,correct@10,total,rr,ndcg,f1,acc@1,acc@5,acc@10,mrr,loss
/data/next_loc_clean_v2/config/ht_grid_search/pointer_v45_geolife_prev3_d32_h2_l2_ff256_lr0.0006.yaml,experiments/geolife_pointer_v45_20251230_022206,geolife,3,32,2,2,256,0.0006,128836,1531.0,2544.0,2667.0,2742.0,3458.0,2039.173583984375,63.983023166656494,0.3989126650095614,44.27414834499359,77.12550759315491,79.29438948631287,58.96974205970764,3.1025570162705014
/data/next_loc_clean_v2/config/ht_grid_search/pointer_v45_geolife_prev3_d32_h2_l2_ff256_lr0.00065.yaml,experiments/geolife_pointer_v45_20251230_022211,geolife,3,32,2,2,256,0.00065,128836,1541.0,2541.0,2669.0,2742.0,3458.0,2045.35009765625,64.1065776348114,0.40092633404240186,44.563332200050354,77.18334197998047,79.29438948631287,59.14835333824158,3.0980292005198344
/data/next_loc_clean_v2/config/ht_grid_search/pointer_v45_geolife_prev3_d32_h2_l2_ff256_lr0.0007.yaml,experiments/geolife_pointer_v45_20251230_022216,geolife,3,32,2,2,256,0.0007,128836,1552.0,2542.0,2667.0,2743.0,3458.0,2052.065673828125,64.24971222877502,0.40360530663929556,44.8814332485199,77.12550759315491,79.32330965995789,59.342557191848755,3.093954873936517
