config_path,experiment_path,dataset,prev_days,d_model,n_head,num_layer,ff_dim,lr,num_params,correct@1,correct@3,correct@5,correct@10,total,rr,ndcg,f1,acc@1,acc@5,acc@10,mrr,loss
/data/next_loc_clean_v2/config/ht_grid_search/pointer_v45_diy_prev3_d32_h2_l2_ff256_lr0.0006.yaml,experiments/diy_pointer_v45_20251230_182815,diy,3,32,2,2,256,0.0006,550848,7890.0,11184.0,11810.0,12170.0,15166.0,9598.974609375,67.40179657936096,0.4619124045338893,52.02426314353943,77.87155508995056,80.24528622627258,63.29272389411926,3.148891878729107
/data/next_loc_clean_v2/config/ht_grid_search/pointer_v45_diy_prev3_d32_h2_l2_ff256_lr0.00065.yaml,experiments/diy_pointer_v45_20251230_182820,diy,3,32,2,2,256,0.00065,550848,7922.0,11186.0,11811.0,12173.0,15166.0,9615.2568359375,67.48634576797485,0.46394070502278073,52.23526358604431,77.87814736366272,80.26506900787354,63.400083780288696,3.1439947561055672
/data/next_loc_clean_v2/config/ht_grid_search/pointer_v45_diy_prev3_d32_h2_l2_ff128_lr0.0006.yaml,experiments/diy_pointer_v45_20251230_183001,diy,3,32,2,2,128,0.0006,534208,7949.0,11218.0,11803.0,12170.0,15166.0,9634.6708984375,67.57906079292297,0.46232888772670694,52.41329073905945,77.8253972530365,80.24528622627258,63.5280966758728,3.147107535049695
/data/next_loc_clean_v2/config/ht_grid_search/pointer_v45_diy_prev3_d32_h2_l2_ff256_lr0.0007.yaml,experiments/diy_pointer_v45_20251230_182956,diy,3,32,2,2,256,0.0007,550848,7953.0,11199.0,11812.0,12175.0,15166.0,9635.2138671875,67.58847236633301,0.46558563251250995,52.43966579437256,77.88473963737488,80.27825355529785,63.531672954559326,3.1395527274668718
/data/next_loc_clean_v2/config/ht_grid_search/pointer_v45_diy_prev3_d32_h2_l2_ff128_lr0.0007.yaml,experiments/diy_pointer_v45_20251230_183140,diy,3,32,2,2,128,0.0007,534208,8019.0,11225.0,11800.0,12173.0,15166.0,9675.2568359375,67.78390407562256,0.4666920033991795,52.87485122680664,77.80562043190002,80.26506900787354,63.795703649520874,3.137418278125154
/data/next_loc_clean_v2/config/ht_grid_search/pointer_v45_diy_prev3_d32_h2_l2_ff128_lr0.00065.yaml,experiments/diy_pointer_v45_20251230_183140,diy,3,32,2,2,128,0.00065,534208,7986.0,11220.0,11797.0,12169.0,15166.0,9654.5859375,67.67484545707703,0.46440803380751206,52.6572585105896,77.78583765029907,80.23869395256042,63.659411668777466,3.142024745460318
