config_path,experiment_path,dataset,prev_days,d_model,n_head,num_layer,ff_dim,lr,num_params,correct@1,correct@3,correct@5,correct@10,total,rr,ndcg,f1,acc@1,acc@5,acc@10,mrr,loss
/data/next_loc_clean_v2/config/ht_grid_search/pointer_v45_diy_prev3_d32_h2_l2_ff512_lr0.0006.yaml,experiments/diy_pointer_v45_20251230_021123,diy,3,32,2,2,512,0.0006,584128,7968.0,11231.0,11829.0,12172.0,15166.0,9647.572265625,67.6445484161377,0.46272115384521606,52.53857374191284,77.99683213233948,80.2584707736969,63.61316442489624,3.1343999249594554
/data/next_loc_clean_v2/config/ht_grid_search/pointer_v45_diy_prev3_d32_h2_l2_ff512_lr0.00065.yaml,experiments/diy_pointer_v45_20251230_021128,diy,3,32,2,2,512,0.00065,584128,8000.0,11229.0,11835.0,12172.0,15166.0,9665.703125,67.73304343223572,0.4647686034370977,52.749574184417725,78.03639769554138,80.2584707736969,63.73271346092224,3.1299556613970205
/data/next_loc_clean_v2/config/ht_grid_search/pointer_v45_diy_prev3_d32_h2_l2_ff512_lr0.0007.yaml,experiments/diy_pointer_v45_20251230_021133,diy,3,32,2,2,512,0.0007,584128,8020.0,11237.0,11838.0,12173.0,15166.0,9677.0283203125,67.78974533081055,0.46612067938951646,52.8814435005188,78.05618047714233,80.26506900787354,63.80738615989685,3.1261251834260317
/data/next_loc_clean_v2/config/ht_grid_search/pointer_v45_diy_prev3_d32_h2_l2_ff256_lr0.0006.yaml,experiments/diy_pointer_v45_20251230_021143,diy,3,32,2,2,256,0.0006,550848,7890.0,11185.0,11810.0,12170.0,15166.0,9599.0390625,67.40213632583618,0.46191583023069804,52.02426314353943,77.87155508995056,80.24528622627258,63.29314708709717,3.1488860344686427
/data/next_loc_clean_v2/config/ht_grid_search/pointer_v45_diy_prev3_d32_h2_l4_ff256_lr0.0006.yaml,experiments/diy_pointer_v45_20251230_021138,diy,3,32,2,4,256,0.0006,592896,7923.0,11201.0,11799.0,12175.0,15166.0,9615.4072265625,67.48857498168945,0.4605408740213846,52.24185585975647,77.79902219772339,80.27825355529785,63.401079177856445,3.149426403165865
