config_path,experiment_path,dataset,prev_days,d_model,n_head,num_layer,ff_dim,lr,num_params,correct@1,correct@3,correct@5,correct@10,total,rr,ndcg,f1,acc@1,acc@5,acc@10,mrr,loss
/data/next_loc_clean_v2/config/ht_grid_search/pointer_v45_diy_prev3_d32_h2_l2_ff512_lr0.0006.yaml,experiments/diy_pointer_v45_20251230_021123,diy,3,32,2,2,512,0.0006,584128,9314.0,13130.0,13879.0,14307.0,17447.0,11300.7626953125,68.95195245742798,0.4765013453999935,53.38453650474548,79.54949140548706,82.00263381004333,64.77195620536804,2.998698405975843
/data/next_loc_clean_v2/config/ht_grid_search/pointer_v45_diy_prev3_d32_h2_l2_ff512_lr0.00065.yaml,experiments/diy_pointer_v45_20251230_021128,diy,3,32,2,2,512,0.00065,584128,9317.0,13136.0,13873.0,14303.0,17447.0,11301.451171875,68.94701719284058,0.4764045312948301,53.401732444763184,79.51510548591614,81.97970986366272,64.77590203285217,2.9953931291608047
/data/next_loc_clean_v2/config/ht_grid_search/pointer_v45_diy_prev3_d32_h2_l2_ff512_lr0.0007.yaml,experiments/diy_pointer_v45_20251230_021133,diy,3,32,2,2,512,0.0007,584128,9330.0,13149.0,13872.0,14307.0,17447.0,11310.966796875,68.9943253993988,0.47684821943579353,53.4762442111969,79.50937151908875,82.00263381004333,64.83044028282166,2.99261201472178
/data/next_loc_clean_v2/config/ht_grid_search/pointer_v45_diy_prev3_d32_h2_l2_ff256_lr0.0006.yaml,experiments/diy_pointer_v45_20251230_021143,diy,3,32,2,2,256,0.0006,550848,9245.0,13128.0,13873.0,14300.0,17447.0,11258.337890625,68.75934600830078,0.476943747098447,52.98905372619629,79.51510548591614,81.96251392364502,64.52878713607788,3.010488651964786
/data/next_loc_clean_v2/config/ht_grid_search/pointer_v45_diy_prev3_d32_h2_l4_ff256_lr0.0006.yaml,experiments/diy_pointer_v45_20251230_021138,diy,3,32,2,4,256,0.0006,592896,9277.0,13149.0,13889.0,14316.0,17447.0,11283.5341796875,68.89735460281372,0.4751896069575969,53.172463178634644,79.60680723190308,82.05422163009644,64.67320322990417,3.0118309816304785
