Dataset,Unique Locations,Gini Coefficient,Locs for 80% Coverage,Locs for 80% (%),Top-10 Locs Coverage (%),Top-50 Locs Coverage (%)
Geolife,1156,0.8122634577161194,154,13.321799307958477,42.508856751364895,70.11565248876488
DIY,7017,0.8795601352950485,480,6.840530141085935,37.772429916800206,50.55114372269664
