Dataset,repeat_last,repeat_last (%),repeat_recent_3,repeat_recent_3 (%),repeat_recent_5,repeat_recent_5 (%),repeat_older,repeat_older (%),not_in_seq,not_in_seq (%),Pointer-favorable (%)
Geolife,952,27.184466019417474,1343,38.349514563106794,287,8.19531696173615,353,10.079954311821817,567,16.19074814391776,83.80925185608223
DIY,2295,18.55595084087969,5731,46.33732212160414,1076,8.69987063389392,1302,10.527166882276843,1964,15.879689521345409,84.12031047865459
