Dataset,Last Location Acc (%),Most Common in Seq Acc (%),Random Baseline Acc (%)
Geolife,27.184466019417474,44.203312392918335,0.31746031746031744
DIY,18.55595084087969,41.98738680465718,0.05837711617046118
