Dataset,Rare Test Targets (<p50) (%),Common Test Targets (>p90) (%),Unseen Test Targets (%)
Geolife,29.240434037692747,63.79211878926328,22.958309537407196
DIY,9.492238033635187,78.2503234152652,3.9214100905562743
