Dataset,1st Order Markov Acc (%),Unseen Transitions (%),Mean Transition Entropy (bits),Median Transition Entropy (bits),Self-Loop Rate (%)
Geolife,21.245002855511135,22.98686464877213,0.6001116650477619,-1.4426951601859516e-10,13.817086240622354
DIY,34.49223803363519,4.042690815006468,1.1631496269120805,0.9924522269842898,23.536747824608145
