Dataset,Next = Last Location (%),Next in Last 3 Locs (%),Next in Last 5 Locs (%),Next in Any History (%)
Geolife,27.184466019417474,65.53398058252428,73.72929754426042,83.80925185608223
DIY,18.55595084087969,64.89327296248383,73.59314359637776,84.12031047865459
