Dataset,In History (%),Not in History (%),Theoretical Max (%),MHSA Actual (%),Pointer V45 Actual (%),MHSA % of Theoretical,Pointer V45 % of Theoretical,Improvement Gap (pp),Room Left (pp)
Geolife,83.80925185608223,16.190748143917773,89.18134209023414,33.18,53.97,37.20509158342594,60.51714263886372,20.79,35.21134209023414
DIY,84.12031047865459,15.879689521345412,92.56354139715394,53.17,56.85,57.44162247624941,61.417269847184095,3.6799999999999997,35.71354139715394
