Dataset,Target in History (%),Target NOT in History (%),Mean Position from End,Median Position from End,Target at Last (pos=0) (%),Target in Last 3 (%),Target in Last 5 (%)
Geolife,83.80925185608223,16.19074814391776,2.331175468483816,1.0,32.43611584327087,78.19420783645657,87.97274275979558
DIY,84.12031047865459,15.879689521345409,2.3668781237985392,1.0,22.058823529411764,77.1434063821607,87.48558246828144
