{
  "ablation_type": "full",
  "dataset": "geolife",
  "seed": 42,
  "parameters": 443404,
  "validation": {
    "correct@1": 1642.0,
    "correct@3": 2361.0,
    "correct@5": 2548.0,
    "correct@10": 2732.0,
    "rr": 2043.4544677734375,
    "ndcg": 66.0962700843811,
    "f1": 0.4324497222609441,
    "total": 3334.0,
    "acc@1": 49.250149726867676,
    "acc@5": 76.4247179031372,
    "acc@10": 81.94361329078674,
    "mrr": 61.29137873649597,
    "loss": 2.8108053061197387
  },
  "test": {
    "correct@1": 1801.0,
    "correct@3": 2668.0,
    "correct@5": 2843.0,
    "correct@10": 2978.0,
    "rr": 2261.148193359375,
    "ndcg": 69.47637796401978,
    "f1": 0.4697775212032706,
    "total": 3502.0,
    "acc@1": 51.42775774002075,
    "acc@5": 81.18218183517456,
    "acc@10": 85.0371241569519,
    "mrr": 64.5673394203186,
    "loss": 2.6299694017930464
  }
}