{
  "ablation_type": "no_pos_from_end",
  "dataset": "geolife",
  "seed": 42,
  "parameters": 439540,
  "validation": {
    "correct@1": 1559.0,
    "correct@3": 2352.0,
    "correct@5": 2580.0,
    "correct@10": 2731.0,
    "rr": 2003.1815185546875,
    "ndcg": 65.21217823028564,
    "f1": 0.39896896994295883,
    "total": 3334.0,
    "acc@1": 46.76064848899841,
    "acc@5": 77.38452553749084,
    "acc@10": 81.91362023353577,
    "mrr": 60.083431005477905,
    "loss": 2.876971094113476
  },
  "test": {
    "correct@1": 1728.0,
    "correct@3": 2648.0,
    "correct@5": 2832.0,
    "correct@10": 2968.0,
    "rr": 2219.740966796875,
    "ndcg": 68.53100061416626,
    "f1": 0.44097039057179294,
    "total": 3502.0,
    "acc@1": 49.343231320381165,
    "acc@5": 80.8680772781372,
    "acc@10": 84.75157022476196,
    "mrr": 63.384950160980225,
    "loss": 2.6638871908187864
  }
}