{
  "ablation_type": "single_layer",
  "dataset": "geolife",
  "seed": 42,
  "parameters": 368620,
  "validation": {
    "correct@1": 1574.0,
    "correct@3": 2388.0,
    "correct@5": 2587.0,
    "correct@10": 2736.0,
    "rr": 2020.0296630859375,
    "ndcg": 65.65263867378235,
    "f1": 0.41083459246524123,
    "total": 3334.0,
    "acc@1": 47.210559248924255,
    "acc@5": 77.59448289871216,
    "acc@10": 82.06358551979065,
    "mrr": 60.58877110481262,
    "loss": 2.7899998831299118
  },
  "test": {
    "correct@1": 1810.0,
    "correct@3": 2711.0,
    "correct@5": 2861.0,
    "correct@10": 2977.0,
    "rr": 2275.021728515625,
    "ndcg": 69.80831027030945,
    "f1": 0.4707552460362397,
    "total": 3502.0,
    "acc@1": 51.684749126434326,
    "acc@5": 81.69617652893066,
    "acc@10": 85.00856757164001,
    "mrr": 64.96350169181824,
    "loss": 2.5141930276697333
  }
}