{
  "ablation_type": "no_position_bias",
  "dataset": "geolife",
  "seed": 42,
  "parameters": 443340,
  "validation": {
    "correct@1": 1641.0,
    "correct@3": 2362.0,
    "correct@5": 2548.0,
    "correct@10": 2733.0,
    "rr": 2043.0224609375,
    "ndcg": 66.09517931938171,
    "f1": 0.4321967518307338,
    "total": 3334.0,
    "acc@1": 49.2201566696167,
    "acc@5": 76.4247179031372,
    "acc@10": 81.97360634803772,
    "mrr": 61.2784206867218,
    "loss": 2.810818260570742
  },
  "test": {
    "correct@1": 1803.0,
    "correct@3": 2667.0,
    "correct@5": 2844.0,
    "correct@10": 2976.0,
    "rr": 2262.517578125,
    "ndcg": 69.48959827423096,
    "f1": 0.4705446587176714,
    "total": 3502.0,
    "acc@1": 51.484864950180054,
    "acc@5": 81.21073842048645,
    "acc@10": 84.98001098632812,
    "mrr": 64.60644006729126,
    "loss": 2.629733009771867
  }
}