{
  "ablation_type": "full",
  "dataset": "geolife",
  "seed": 42,
  "parameters": 215031,
  "validation": {
    "correct@1": 1643.0,
    "correct@3": 2513.0,
    "correct@5": 2803.0,
    "correct@10": 3056.0,
    "rr": 2158.83984375,
    "ndcg": 55.93462586402893,
    "f1": 0.32519258669006745,
    "total": 4217.0,
    "acc@1": 38.96134793758392,
    "acc@5": 66.46905541419983,
    "acc@10": 72.4685788154602,
    "mrr": 51.19373798370361,
    "loss": 3.3235570542952595
  },
  "test": {
    "correct@1": 1884.0,
    "correct@3": 2793.0,
    "correct@5": 3092.0,
    "correct@10": 3315.0,
    "rr": 2412.257568359375,
    "ndcg": 59.10077095031738,
    "f1": 0.36800987862862766,
    "total": 4425.0,
    "acc@1": 42.576271295547485,
    "acc@5": 69.87570524215698,
    "acc@10": 74.91525411605835,
    "mrr": 54.51429486274719,
    "loss": 3.1137537956237793
  }
}