{
  "geolife": {
    "no_temporal": {
      "correct@1": 1658.0,
      "correct@3": 2634.0,
      "correct@5": 2849.0,
      "correct@10": 2977.0,
      "rr": 2172.31591796875,
      "ndcg": 67.53274202346802,
      "f1": 0.42217821345758394,
      "total": 3502.0,
      "acc@1": 47.344374656677246,
      "acc@5": 81.35350942611694,
      "acc@10": 85.00856757164001,
      "mrr": 62.030720710754395,
      "loss": 2.84304302079337
    },
    "no_weekday_emb": {
      "correct@1": 1738.0,
      "correct@3": 2702.0,
      "correct@5": 2852.0,
      "correct@10": 2973.0,
      "rr": 2238.73779296875,
      "ndcg": 69.00690793991089,
      "f1": 0.4502849668602034,
      "total": 3502.0,
      "acc@1": 49.62878227233887,
      "acc@5": 81.43917918205261,
      "acc@10": 84.89434719085693,
      "mrr": 63.92740607261658,
      "loss": 2.7566574811935425
    },
    "no_duration_emb": {
      "correct@1": 1811.0,
      "correct@3": 2690.0,
      "correct@5": 2845.0,
      "correct@10": 2981.0,
      "rr": 2274.97607421875,
      "ndcg": 69.80185508728027,
      "f1": 0.4668082617984525,
      "total": 3502.0,
      "acc@1": 51.713305711746216,
      "acc@5": 81.23928904533386,
      "acc@10": 85.1227879524231,
      "mrr": 64.96219635009766,
      "loss": 2.6988023051193784
    },
    "no_sinusoidal_pos": {
      "correct@1": 1876.0,
      "correct@3": 2679.0,
      "correct@5": 2842.0,
      "correct@10": 2957.0,
      "rr": 2302.4365234375,
      "ndcg": 70.19545435905457,
      "f1": 0.49143844418220023,
      "total": 3502.0,
      "acc@1": 53.5693883895874,
      "acc@5": 81.15362524986267,
      "acc@10": 84.43746566772461,
      "mrr": 65.74633121490479,
      "loss": 2.6922861550535475
    },
    "full_model": {
      "correct@1": 1890.0,
      "correct@3": 2672.0,
      "correct@5": 2840.0,
      "correct@10": 2955.0,
      "rr": 2305.166259765625,
      "ndcg": 70.22745013237,
      "f1": 0.49777444831363543,
      "total": 3502.0,
      "acc@1": 53.969162702560425,
      "acc@5": 81.09651803970337,
      "acc@10": 84.38035249710083,
      "mrr": 65.82428216934204,
      "loss": 2.7007319033145905
    },
    "no_user_emb": {
      "correct@1": 1752.0,
      "correct@3": 2722.0,
      "correct@5": 2853.0,
      "correct@10": 2955.0,
      "rr": 2245.711669921875,
      "ndcg": 69.05374526977539,
      "f1": 0.4552715018229027,
      "total": 3502.0,
      "acc@1": 50.02855658531189,
      "acc@5": 81.46772980690002,
      "acc@10": 84.38035249710083,
      "mrr": 64.12654519081116,
      "loss": 2.738489078623908
    },
    "no_recency_emb": {
      "correct@1": 1664.0,
      "correct@3": 2639.0,
      "correct@5": 2790.0,
      "correct@10": 2962.0,
      "rr": 2180.953857421875,
      "ndcg": 67.59926080703735,
      "f1": 0.43256171541582134,
      "total": 3502.0,
      "acc@1": 47.51570522785187,
      "acc@5": 79.66876029968262,
      "acc@10": 84.58024263381958,
      "mrr": 62.277382612228394,
      "loss": 2.7867266280310496
    },
    "no_generation": {
      "correct@1": 1740.0,
      "correct@3": 2738.0,
      "correct@5": 2902.0,
      "correct@10": 2995.0,
      "rr": 2236.054931640625,
      "ndcg": 68.81999969482422,
      "f1": 0.44380874619612454,
      "total": 3502.0,
      "acc@1": 49.68589246273041,
      "acc@5": 82.86693096160889,
      "acc@10": 85.52255630493164,
      "mrr": 63.85079622268677,
      "loss": 5.22396183013916
    },
    "single_layer": {
      "correct@1": 1787.0,
      "correct@3": 2743.0,
      "correct@5": 2866.0,
      "correct@10": 2966.0,
      "rr": 2273.297607421875,
      "ndcg": 69.72777843475342,
      "f1": 0.4605109656365991,
      "total": 3502.0,
      "acc@1": 51.02798342704773,
      "acc@5": 81.83894753456116,
      "acc@10": 84.69446301460266,
      "mrr": 64.91426825523376,
      "loss": 2.729923133339201
    },
    "no_time_emb": {
      "correct@1": 1819.0,
      "correct@3": 2669.0,
      "correct@5": 2850.0,
      "correct@10": 2976.0,
      "rr": 2274.564208984375,
      "ndcg": 69.73599195480347,
      "f1": 0.4720080645570812,
      "total": 3502.0,
      "acc@1": 51.94174647331238,
      "acc@5": 81.38206601142883,
      "acc@10": 84.98001098632812,
      "mrr": 64.95043635368347,
      "loss": 2.677866599389485
    },
    "no_pointer": {
      "correct@1": 1156.0,
      "correct@3": 1833.0,
      "correct@5": 1976.0,
      "correct@10": 2089.0,
      "rr": 1527.1854248046875,
      "ndcg": 47.235265374183655,
      "f1": 0.24687862547464004,
      "total": 3502.0,
      "acc@1": 33.00970792770386,
      "acc@5": 56.42489790916443,
      "acc@10": 59.65162515640259,
      "mrr": 43.60894858837128,
      "loss": 4.762948717389788
    },
    "no_gate": {
      "correct@1": 1717.0,
      "correct@3": 2607.0,
      "correct@5": 2824.0,
      "correct@10": 2951.0,
      "rr": 2202.2705078125,
      "ndcg": 68.0206298828125,
      "f1": 0.44640289008494655,
      "total": 3502.0,
      "acc@1": 49.02912676334381,
      "acc@5": 80.63963651657104,
      "acc@10": 84.26613211631775,
      "mrr": 62.88607716560364,
      "loss": 2.8593577912875583
    },
    "no_pos_from_end": {
      "correct@1": 1792.0,
      "correct@3": 2690.0,
      "correct@5": 2862.0,
      "correct@10": 2959.0,
      "rr": 2265.36376953125,
      "ndcg": 69.46616172790527,
      "f1": 0.4621682607489743,
      "total": 3502.0,
      "acc@1": 51.1707603931427,
      "acc@5": 81.72472715377808,
      "acc@10": 84.49457287788391,
      "mrr": 64.68771696090698,
      "loss": 2.737268247774669
    }
  },
  "diy": {},
  "timestamp": "20251229_134009"
}