{
  "ablation_type": "no_pointer",
  "dataset": "diy",
  "seed": 42,
  "parameters": 1071006,
  "validation": {
    "correct@1": 5149.0,
    "correct@3": 7224.0,
    "correct@5": 7691.0,
    "correct@10": 8011.0,
    "rr": 6254.42138671875,
    "ndcg": 65.6961441040039,
    "f1": 0.4443585403143324,
    "total": 10160.0,
    "acc@1": 50.6791353225708,
    "acc@5": 75.69881677627563,
    "acc@10": 78.8484275341034,
    "mrr": 61.55926585197449,
    "loss": 3.559592643623832
  },
  "test": {
    "correct@1": 6419.0,
    "correct@3": 8828.0,
    "correct@5": 9349.0,
    "correct@10": 9680.0,
    "rr": 7693.5263671875,
    "ndcg": 66.04717373847961,
    "f1": 0.45961345844843454,
    "total": 12368.0,
    "acc@1": 51.90006494522095,
    "acc@5": 75.5902349948883,
    "acc@10": 78.2664954662323,
    "mrr": 62.2050940990448,
    "loss": 3.588728215891061
  }
}