day_type,num_samples,correct@1,correct@3,correct@5,correct@10,rr,ndcg,f1,total,acc@1,acc@5,acc@10,mrr,loss
Weekday,8549,4873.0,6610.0,7047.0,7391.0,5823.517,72.48412370681763,0.524119971215679,8549.0,57.000815868377686,82.43069648742676,86.45455837249756,68.11927556991577,2.3407769266810976
Weekend,3819,2160.0,2946.0,3122.0,3262.0,2583.2708,71.86818718910217,0.5129278738052478,3819.0,56.559306383132935,81.74914717674255,85.41502952575684,67.64259338378906,2.463510195180602
