day_type,num_samples,correct@1,correct@3,correct@5,correct@10,rr,ndcg,f1,total,acc@1,acc@5,acc@10,mrr,loss
Weekday,2646,1466.0,2049.0,2178.0,2264.0,1775.7432,71.51392698287964,0.5145432147108454,2646.0,55.404382944107056,82.31292366981506,85.56311130523682,67.11047291755676,2.3607621990194936
Weekend,856,424.0,622.0,662.0,691.0,529.3535,66.24407172203064,0.44996259859188625,856.0,49.53271150588989,77.33644843101501,80.72429895401001,61.84036135673523,2.790058611126216
