{
  "ablation_type": "no_generation",
  "dataset": "geolife",
  "seed": 42,
  "parameters": 154288,
  "validation": {
    "correct@1": 1652.0,
    "correct@3": 2508.0,
    "correct@5": 2779.0,
    "correct@10": 3009.0,
    "rr": 2130.154541015625,
    "ndcg": 55.20254969596863,
    "f1": 0.32526936251212335,
    "total": 4217.0,
    "acc@1": 39.17476832866669,
    "acc@5": 65.89992642402649,
    "acc@10": 71.35404348373413,
    "mrr": 50.513505935668945,
    "loss": 7.688528509700999
  },
  "test": {
    "correct@1": 1881.0,
    "correct@3": 2798.0,
    "correct@5": 3080.0,
    "correct@10": 3304.0,
    "rr": 2380.575927734375,
    "ndcg": 58.459287881851196,
    "f1": 0.36451843665987366,
    "total": 4425.0,
    "acc@1": 42.50847399234772,
    "acc@5": 69.60452198982239,
    "acc@10": 74.6666669845581,
    "mrr": 53.7983238697052,
    "loss": 7.112858825259739
  }
}