{
  "sequence_length": {
    "geolife": {
      "mean": 18.10012813472451,
      "std": 10.609679508339921,
      "min": 