{
  "dataset": "diy",
  "bounds": {
    "seen_in_training_pct": 95.86028460543338,
    "target_in_history_pct": 84.12031047865459,
    "oracle_pct": 98.97315653298836
  },
  "performance": {
    "mhsa_acc1": 53.17,
    "pointer_acc1": 56.85,
    "improvement": 3.6799999999999997
  },
  "copy_utilization": {
    "mhsa_utilization_pct": 63.20708958093042,
    "pointer_utilization_pct": 67.58177623990773,
    "mhsa_gap": 30.950310478654586,
    "pointer_gap": 27.270310478654586
  },
  "improvement_analysis": {
    "potential_improvement": 30.950310478654586,
    "actual_improvement": 3.6799999999999997,
    "efficiency_pct": 11.890026119569868
  }
}