{
  "geolife": {
    "hit_rate": 83.80925185608223,
    "oracle_accuracy": 83.80925185608223,
    "copy_rate": 83.80925185608223
  },
  "diy": {
    "hit_rate": 84.12031047865459,
    "oracle_accuracy": 84.12031047865459,
    "copy_rate": 84.12031047865459
  }
}