{
  "geolife": {
    "dataset": "geolife",
    "total_test_sequences": 3502,
    "test_breakdown": {
      "in_history_rare": 409,
      "in_history_rare_pct": 11.679040548258138,
      "in_history_common": 2526,
      "in_history_common_pct": 72.1302113078241,
      "not_in_history_rare": 431,
      "not_in_history_rare_pct": 12.307252998286693,
      "not_in_history_common": 136,
      "not_in_history_common_pct": 3.8834951456310676
    },
    "zones": {
      "pointer_advantage_pct": 11.679040548258138,
      "generation_advantage_pct": 3.8834951456310676,
      "competitive_zone_pct": 84.4374643061108
    },
    "position_analysis": {
      "mean_closest_position": 3.331175468483816,
      "median_closest_position": 2.0,
      "mean_occurrences": 7.391482112436115,
      "most_recent_pct": 32.43611584327087,
      "within_5_pct": 87.97274275979558,
      "within_10_pct": 94.44633730834752
    },
    "user_level": {
      "mean_pointer_advantage_rate": 21.65899423869471,
      "std_pointer_advantage_rate": 25.479061331416037,
      "min": 0.0,
      "max": 100.0
    }
  },
  "diy": {
    "dataset": "diy",
    "total_test_sequences": 12368,
    "test_breakdown": {
      "in_history_rare": 6448,
      "in_history_rare_pct": 52.13454075032341,
      "in_history_common": 3956,
      "in_history_common_pct": 31.985769728331174,
      "not_in_history_rare": 1909,
      "not_in_history_rare_pct": 15.434993531694696,
      "not_in_history_common": 55,
      "not_in_history_common_pct": 0.44469598965071155
    },
    "zones": {
      "pointer_advantage_pct": 52.13454075032341,
      "generation_advantage_pct": 0.44469598965071155,
      "competitive_zone_pct": 47.42076326002587
    },
    "position_analysis": {
      "mean_closest_position": 3.3668781237985392,
      "median_closest_position": 2.0,
      "mean_occurrences": 9.255094194540561,
      "most_recent_pct": 22.058823529411764,
      "within_5_pct": 87.48558246828144,
      "within_10_pct": 95.21337946943483
    },
    "user_level": {
      "mean_pointer_advantage_rate": 47.44926804884994,
      "std_pointer_advantage_rate": 29.96636440059348,
      "min": 0.0,
      "max": 100.0
    }
  },
  "summary": {
    "geolife_pointer_advantage": 11.679040548258138,
    "diy_pointer_advantage": 52.13454075032341,
    "difference": -40.455500202065274,
    "explanation": "Geolife has more cases where target is rare but in history - exactly where pointer excels"
  }
}