{
  "geolife": {
    "mhsa_acc": 33.18,
    "pointer_acc": 53.96,
    "improvement": 20.78,
    "top1_dominance": 22.786978869217588,
    "copyable_samples": 83.80925185608223
  },
  "diy": {
    "mhsa_acc": 53.17,
    "pointer_acc": 56.88,
    "improvement": 3.710000000000001,
    "top1_dominance": 32.43046571798189,
    "copyable_samples": 84.12031047865459
  }
}