{
  "ablation_type": "no_pos_from_end",
  "dataset": "diy",
  "seed": 42,
  "parameters": 1078674,
  "validation": {
    "correct@1": 5546.0,
    "correct@3": 7600.0,
    "correct@5": 8084.0,
    "correct@10": 8430.0,
    "rr": 6649.509765625,
    "ndcg": 69.63528394699097,
    "f1": 0.4890913573855116,
    "total": 10160.0,
    "acc@1": 54.586613178253174,
    "acc@5": 79.56693172454834,
    "acc@10": 82.97244310379028,
    "mrr": 65.44793248176575,
    "loss": 3.0950077209832534
  },
  "test": {
    "correct@1": 7017.0,
    "correct@3": 9584.0,
    "correct@5": 10176.0,
    "correct@10": 10546.0,
    "rr": 8388.490234375,
    "ndcg": 72.02780842781067,
    "f1": 0.5184366182872412,
    "total": 12368.0,
    "acc@1": 56.735122203826904,
    "acc@5": 82.27684497833252,
    "acc@10": 85.26843190193176,
    "mrr": 67.82414317131042,
    "loss": 2.879985388406773
  }
}