{
  "Monday": {
    "day_index": 0,
    "samples": 2020,
    "is_weekend": false,
    "correct@1": 1157.0,
    "correct@3": 1570.0,
    "correct@5": 1665.0,
    "correct@10": 1721.0,
    "rr": 1376.0467529296875,
    "ndcg": 72.22836017608643,
    "f1": 0.5300655073310765,
    "total": 2020.0,
    "acc@1": 57.27722644805908,
    "acc@5": 82.42574334144592,
    "acc@10": 85.1980209350586,
    "mrr": 68.12112927436829,
    "loss": 2.436023883521557
  },
  "Tuesday": {
    "day_index": 1,
    "samples": 1227,
    "is_weekend": false,
    "correct@1": 755.0,
    "correct@3": 987.0,
    "correct@5": 1053.0,
    "correct@10": 1085.0,
    "rr": 881.5521240234375,
    "ndcg": 75.87009072303772,
    "f1": 0.5766888634732655,
    "total": 1227.0,
    "acc@1": 61.532193422317505,
    "acc@5": 85.81907153129578,
    "acc@10": 88.42706084251404,
    "mrr": 71.84613943099976,
    "loss": 2.137160450220108
  },
  "Wednesday": {
    "day_index": 2,
    "samples": 1660,
    "is_weekend": false,
    "correct@1": 954.0,
    "correct@3": 1290.0,
    "correct@5": 1369.0,
    "correct@10": 1397.0,
    "rr": 1130.8636474609375,
    "ndcg": 71.9822883605957,
    "f1": 0.5308270221104786,
    "total": 1660.0,
    "acc@1": 57.4698805809021,
    "acc@5": 82.4698805809021,
    "acc@10": 84.1566264629364,
    "mrr": 68.12431812286377,
    "loss": 2.4600431689849267
  },
  "Thursday": {
    "day_index": 3,
    "samples": 1721,
    "is_weekend": false,
    "correct@1": 948.0,
    "correct@3": 1299.0,
    "correct@5": 1385.0,
    "correct@10": 1447.0,
    "rr": 1139.52294921875,
    "ndcg": 70.49620747566223,
    "f1": 0.50335218977725,
    "total": 1721.0,
    "acc@1": 55.08425235748291,
    "acc@5": 80.47646880149841,
    "acc@10": 84.07902121543884,
    "mrr": 66.21283888816833,
    "loss": 2.570563148569178
  },
  "Friday": {
    "day_index": 4,
    "samples": 1950,
    "is_weekend": false,
    "correct@1": 1096.0,
    "correct@3": 1514.0,
    "correct@5": 1615.0,
    "correct@10": 1684.0,
    "rr": 1321.401123046875,
    "ndcg": 72.24310040473938,
    "f1": 0.5225276514984717,
    "total": 1950.0,
    "acc@1": 56.205129623413086,
    "acc@5": 82.82051086425781,
    "acc@10": 86.35897636413574,
    "mrr": 67.76416301727295,
    "loss": 2.352625483466733
  },
  "Saturday": {
    "day_index": 5,
    "samples": 1938,
    "is_weekend": true,
    "correct@1": 1064.0,
    "correct@3": 1467.0,
    "correct@5": 1551.0,
    "correct@10": 1625.0,
    "rr": 1280.5767822265625,
    "ndcg": 70.34658193588257,
    "f1": 0.5077688102702625,
    "total": 1938.0,
    "acc@1": 54.90196347236633,
    "acc@5": 80.03095984458923,
    "acc@10": 83.8493287563324,
    "mrr": 66.07723236083984,
    "loss": 2.621360659599304
  },
  "Sunday": {
    "day_index": 6,
    "samples": 1852,
    "is_weekend": true,
    "correct@1": 1024.0,
    "correct@3": 1426.0,
    "correct@5": 1526.0,
    "correct@10": 1573.0,
    "rr": 1239.027099609375,
    "ndcg": 71.26438617706299,
    "f1": 0.5068307671882478,
    "total": 1852.0,
    "acc@1": 55.29157519340515,
    "acc@5": 82.3974072933197,
    "acc@10": 84.93520617485046,
    "mrr": 66.90211296081543,
    "loss": 2.5191430470039107
  },
  "Overall": {
    "day_index": -1,
    "samples": 12368,
    "is_weekend": null,
    "correct@1": 6998.0,
    "correct@3": 9553.0,
    "correct@5": 10164.0,
    "correct@10": 10532.0,
    "rr": 8368.9892578125,
    "ndcg": 71.87872529029846,
    "f1": 0.5190767077574236,
    "total": 12368.0,
    "acc@1": 56.58150315284729,
    "acc@5": 82.17982053756714,
    "acc@10": 85.15523672103882,
    "mrr": 67.66647100448608,
    "loss": 2.4462558410524093
  },
  "Weekday_Avg": {
    "day_index": -2,
    "samples": 8578,
    "is_weekend": false,
    "acc@1": 57.23944994071392,
    "acc@5": 82.61832630865,
    "acc@10": 85.49778564850693,
    "mrr": 68.19056608885923,
    "ndcg": 72.3574850088957,
    "f1": 0.5298088664050516,
    "loss": 2.4059564757631473
  },
  "Weekend_Avg": {
    "day_index": -3,
    "samples": 3790,
    "is_weekend": true,
    "acc@1": 55.09234893605074,
    "acc@5": 81.18733469288708,
    "acc@10": 84.37994748432592,
    "mrr": 66.48031385718676,
    "ndcg": 70.79507097405305,
    "f1": 0.5073104314344073,
    "loss": 2.5714115781938505
  },
  "Statistical_Test": {
    "test": "Independent t-test",
    "comparison": "Weekday vs Weekend Acc@1",
    "t_statistic": 1.3214132944821628,
    "p_value": 0.24359786239122283,
    "significant_at_005": false,
    "significant_at_001": false,
    "weekday_mean": 57.51373648643494,
    "weekend_mean": 55.09676933288574,
    "difference": 2.4169671535491943
  }
}