{
  "Monday": {
    "day_index": 0,
    "samples": 538,
    "is_weekend": false,
    "correct@1": 288.0,
    "correct@3": 450.0,
    "correct@5": 483.0,
    "correct@10": 494.0,
    "rr": 372.7481689453125,
    "ndcg": 74.8612642288208,
    "f1": 0.5061606709785553,
    "total": 538.0,
    "acc@1": 53.531599044799805,
    "acc@5": 89.77695107460022,
    "acc@10": 91.82156324386597,
    "mrr": 69.28404569625854,
    "loss": 2.143293778101603
  },
  "Tuesday": {
    "day_index": 1,
    "samples": 528,
    "is_weekend": false,
    "correct@1": 281.0,
    "correct@3": 420.0,
    "correct@5": 440.0,
    "correct@10": 457.0,
    "rr": 354.7023620605469,
    "ndcg": 71.84336185455322,
    "f1": 0.48683756997493305,
    "total": 528.0,
    "acc@1": 53.21969985961914,
    "acc@5": 83.33333134651184,
    "acc@10": 86.55303120613098,
    "mrr": 67.178475856781,
    "loss": 2.292495846748352
  },
  "Wednesday": {
    "day_index": 2,
    "samples": 516,
    "is_weekend": false,
    "correct@1": 309.0,
    "correct@3": 423.0,
    "correct@5": 439.0,
    "correct@10": 458.0,
    "rr": 367.11834716796875,
    "ndcg": 75.3783643245697,
    "f1": 0.559424945475216,
    "total": 516.0,
    "acc@1": 59.88371968269348,
    "acc@5": 85.07751822471619,
    "acc@10": 88.75969052314758,
    "mrr": 71.14696502685547,
    "loss": 2.172550360361735
  },
  "Thursday": {
    "day_index": 3,
    "samples": 537,
    "is_weekend": false,
    "correct@1": 302.0,
    "correct@3": 424.0,
    "correct@5": 456.0,
    "correct@10": 472.0,
    "rr": 367.3697204589844,
    "ndcg": 73.15487861633301,
    "f1": 0.520124125524618,
    "total": 537.0,
    "acc@1": 56.238359212875366,
    "acc@5": 84.91619825363159,
    "acc@10": 87.89571523666382,
    "mrr": 68.4114933013916,
    "loss": 2.36026492383745
  },
  "Friday": {
    "day_index": 4,
    "samples": 514,
    "is_weekend": false,
    "correct@1": 275.0,
    "correct@3": 395.0,
    "correct@5": 421.0,
    "correct@10": 444.0,
    "rr": 339.68017578125,
    "ndcg": 70.95924019813538,
    "f1": 0.4948473608846504,
    "total": 514.0,
    "acc@1": 53.50194573402405,
    "acc@5": 81.90661668777466,
    "acc@10": 86.38132214546204,
    "mrr": 66.08563661575317,
    "loss": 2.684386240111457
  },
  "Saturday": {
    "day_index": 5,
    "samples": 463,
    "is_weekend": true,
    "correct@1": 174.0,
    "correct@3": 276.0,
    "correct@5": 312.0,
    "correct@10": 340.0,
    "rr": 232.0369110107422,
    "ndcg": 55.49343824386597,
    "f1": 0.3514124949263661,
    "total": 463.0,
    "acc@1": 37.58099377155304,
    "acc@5": 67.38660931587219,
    "acc@10": 73.43412637710571,
    "mrr": 50.11596083641052,
    "loss": 3.9451495707035065
  },
  "Sunday": {
    "day_index": 6,
    "samples": 406,
    "is_weekend": true,
    "correct@1": 171.0,
    "correct@3": 280.0,
    "correct@5": 292.0,
    "correct@10": 313.0,
    "rr": 226.7926788330078,
    "ndcg": 60.8343780040741,
    "f1": 0.3656634678035798,
    "total": 406.0,
    "acc@1": 42.11822748184204,
    "acc@5": 71.92118167877197,
    "acc@10": 77.09359526634216,
    "mrr": 55.86026310920715,
    "loss": 3.35626551083156
  },
  "Overall": {
    "day_index": -1,
    "samples": 3502,
    "is_weekend": null,
    "correct@1": 1800.0,
    "correct@3": 2668.0,
    "correct@5": 2843.0,
    "correct@10": 2978.0,
    "rr": 2260.449951171875,
    "ndcg": 69.46126222610474,
    "f1": 0.4697069861493955,
    "total": 3502.0,
    "acc@1": 51.39920115470886,
    "acc@5": 81.18218183517456,
    "acc@10": 85.0371241569519,
    "mrr": 64.54740166664124,
    "loss": 2.6301438591696997
  },
  "Weekday_Avg": {
    "day_index": -2,
    "samples": 2633,
    "is_weekend": false,
    "acc@1": 55.26015957951138,
    "acc@5": 85.03607955668934,
    "acc@10": 88.3023169300559,
    "mrr": 68.42456320325458,
    "ndcg": 73.24766824329664,
    "f1": 0.5133635202050395,
    "loss": 2.3288274353081837
  },
  "Weekend_Avg": {
    "day_index": -3,
    "samples": 869,
    "is_weekend": true,
    "acc@1": 39.70080606888024,
    "acc@5": 69.50517822189902,
    "acc@10": 75.14384371776164,
    "mrr": 52.79972001104278,
    "ndcg": 57.98874496727736,
    "f1": 0.35807060193229096,
    "loss": 3.670020769428466
  },
  "Statistical_Test": {
    "test": "Independent t-test",
    "comparison": "Weekday vs Weekend Acc@1",
    "t_statistic": 6.296542098482215,
    "p_value": 0.0014861037448104907,
    "significant_at_005": true,
    "significant_at_001": true,
    "weekday_mean": 55.27506470680237,
    "weekend_mean": 39.84961062669754,
    "difference": 15.425454080104828
  }
}